<Root>
     <File Name="item_name_static" Segment="10">
        <Texture Name="gDekuStickItemNameJPNTex" OutName="deku_stick_item_name_jpn" Format="ia4" Width="128" Height="16" Offset="0x0"/>
        <Texture Name="gDekuNutItemNameJPNTex" OutName="deku_nut_item_name_jpn" Format="ia4" Width="128" Height="16" Offset="0x400"/>
        <Texture Name="gBombItemNameJPNTex" OutName="bomb_item_name_jpn" Format="ia4" Width="128" Height="16" Offset="0x800"/>
        <Texture Name="gFairyBowItemNameJPNTex" OutName="fairy_bow_item_name_jpn" Format="ia4" Width="128" Height="16" Offset="0xC00"/>
        <Texture Name="gFireArrowItemNameJPNTex" OutName="fire_arrow_item_name_jpn" Format="ia4" Width="128" Height="16" Offset="0x1000"/>
        <Texture Name="gDinsFireItemNameJPNTex" OutName="dins_fire_item_name_jpn" Format="ia4" Width="128" Height="16" Offset="0x1400"/>
        <Texture Name="gFairySlingshotItemNameJPNTex" OutName="fairy_slingshot_item_name_jpn" Format="ia4" Width="128" Height="16" Offset="0x1800"/>
        <Texture Name="gFairyOcarinaItemNameJPNTex" OutName="fairy_ocarina_item_name_jpn" Format="ia4" Width="128" Height="16" Offset="0x1C00"/>
        <Texture Name="gOcarinaOfTimeItemNameJPNTex" OutName="ocarina_of_time_item_name_jpn" Format="ia4" Width="128" Height="16" Offset="0x2000"/>
        <Texture Name="gBombchuItemNameJPNTex" OutName="bombchu_item_name_jpn" Format="ia4" Width="128" Height="16" Offset="0x2400"/>
        <Texture Name="gHookshotItemNameJPNTex" OutName="hookshot_item_name_jpn" Format="ia4" Width="128" Height="16" Offset="0x2800"/>
        <Texture Name="gLongshotItemNameJPNTex" OutName="longshot_item_name_jpn" Format="ia4" Width="128" Height="16" Offset="0x2C00"/>
        <Texture Name="gIceArrowItemNameJPNTex" OutName="icearrow_item_name_jpn" Format="ia4" Width="128" Height="16" Offset="0x3000"/>
        <Texture Name="gFaroresWindItemNameJPNTex" OutName="farores_wind_item_name_jpn" Format="ia4" Width="128" Height="16" Offset="0x3400"/>
        <Texture Name="gBoomerangItemNameJPNTex" OutName="boomerang_item_name_jpn" Format="ia4" Width="128" Height="16" Offset="0x3800"/>
        <Texture Name="gLensItemNameJPNTex" OutName="lens_item_name_jpn" Format="ia4" Width="128" Height="16" Offset="0x3C00"/>
        <Texture Name="gMagicBeansItemNameJPNTex" OutName="magic_beans_item_name_jpn" Format="ia4" Width="128" Height="16" Offset="0x4000"/>
        <Texture Name="gMegatonHammerItemNameJPNTex" OutName="megaton_hammer_item_name_jpn" Format="ia4" Width="128" Height="16" Offset="0x4400"/>
        <Texture Name="gLightArrowItemNameJPNTex" OutName="light_arrow_item_name_jpn" Format="ia4" Width="128" Height="16" Offset="0x4800"/>
        <Texture Name="gNayrusLoveItemNameJPNTex" OutName="nayrus_love_item_name_jpn" Format="ia4" Width="128" Height="16" Offset="0x4C00"/>
        <Texture Name="gEmptyBottleItemNameJPNTex" OutName="empty_bottle_item_name_jpn" Format="ia4" Width="128" Height="16" Offset="0x5000"/>
        <Texture Name="gRedPotionItemNameJPNTex" OutName="red_potion_item_name_jpn" Format="ia4" Width="128" Height="16" Offset="0x5400"/>
        <Texture Name="gGreenPotionItemNameJPNTex" OutName="green_potion_item_name_jpn" Format="ia4" Width="128" Height="16" Offset="0x5800"/>
        <Texture Name="gBluePotionItemNameJPNTex" OutName="blue_potion_item_name_jpn" Format="ia4" Width="128" Height="16" Offset="0x5C00"/>
        <Texture Name="gBottledFairyItemNameJPNTex" OutName="bottled_fairy_item_name_jpn" Format="ia4" Width="128" Height="16" Offset="0x6000"/>
        <Texture Name="gFishItemNameJPNTex" OutName="fish_item_name_jpn" Format="ia4" Width="128" Height="16" Offset="0x6400"/>
        <Texture Name="gFullMilkItemNameJPNTex" OutName="full_milk_item_name_jpn" Format="ia4" Width="128" Height="16" Offset="0x6800"/>
        <Texture Name="gRutosLetterItemNameJPNTex" OutName="rutos_letter_item_name_jpn" Format="ia4" Width="128" Height="16" Offset="0x6C00"/>
        <Texture Name="gBlueFireItemNameJPNTex" OutName="blue_fire_item_name_jpn" Format="ia4" Width="128" Height="16" Offset="0x7000"/>
        <Texture Name="gBugItemNameJPNTex" OutName="bug_item_name_jpn" Format="ia4" Width="128" Height="16" Offset="0x7400"/>
        <Texture Name="gBigPoeItemNameJPNTex" OutName="big_poe_item_name_jpn" Format="ia4" Width="128" Height="16" Offset="0x7800"/>
        <Texture Name="gHalfMilkItemNameJPNTex" OutName="half_milk_item_name_jpn" Format="ia4" Width="128" Height="16" Offset="0x7C00"/>
        <Texture Name="gPoeItemNameJPNTex" OutName="poe_item_name_jpn" Format="ia4" Width="128" Height="16" Offset="0x8000"/>
        <Texture Name="gWeirdEggItemNameJPNTex" OutName="weird_egg_item_name_jpn" Format="ia4" Width="128" Height="16" Offset="0x8400"/>
        <Texture Name="gCuccoItemNameJPNTex" OutName="cucco_item_name_jpn" Format="ia4" Width="128" Height="16" Offset="0x8800"/>
        <Texture Name="gZeldasLetterItemNameJPNTex" OutName="zeldas_letter_item_name_jpn" Format="ia4" Width="128" Height="16" Offset="0x8C00"/>
        <Texture Name="gKeatonMaskItemNameJPNTex" OutName="keaton_mask_item_name_jpn" Format="ia4" Width="128" Height="16" Offset="0x9000"/>
        <Texture Name="gSkullMaskItemNameJPNTex" OutName="skull_mask_item_name_jpn" Format="ia4" Width="128" Height="16" Offset="0x9400"/>
        <Texture Name="gSpookyMaskItemNameJPNTex" OutName="spooky_mask_item_name_jpn" Format="ia4" Width="128" Height="16" Offset="0x9800"/>
        <Texture Name="gBunnyHoodItemNameJPNTex" OutName="bunny_hood_item_name_jpn" Format="ia4" Width="128" Height="16" Offset="0x9C00"/>
        <Texture Name="gGoronMaskItemNameJPNTex" OutName="goron_mask_item_name_jpn" Format="ia4" Width="128" Height="16" Offset="0xA000"/>
        <Texture Name="gZoraMaskItemNameJPNTex" OutName="zora_mask_item_name_jpn" Format="ia4" Width="128" Height="16" Offset="0xA400"/>
        <Texture Name="gGerudoMaskItemNameJPNTex" OutName="gerudo_mask_item_name_jpn" Format="ia4" Width="128" Height="16" Offset="0xA800"/>
        <Texture Name="gMaskofTruthItemNameJPNTex" OutName="mask_of_truth_item_name_jpn" Format="ia4" Width="128" Height="16" Offset="0xAC00"/>
        <Texture Name="gSOLDOUTItemNameJPNTex" OutName="sold_out_item_name_jpn" Format="ia4" Width="128" Height="16" Offset="0xB000"/>
        <Texture Name="gPocketEggItemNameJPNTex" OutName="pocket_egg_item_name_jpn" Format="ia4" Width="128" Height="16" Offset="0xB400"/>
        <Texture Name="gPocketCuccoItemNameJPNTex" OutName="pocket_cucco_item_name_jpn" Format="ia4" Width="128" Height="16" Offset="0xB800"/>
        <Texture Name="gCojiroItemNameJPNTex" OutName="cojiro_item_name_jpn" Format="ia4" Width="128" Height="16" Offset="0xBC00"/>
        <Texture Name="gOddMushroomItemNameJPNTex" OutName="odd_mushroom_item_name_jpn" Format="ia4" Width="128" Height="16" Offset="0xC000"/>
        <Texture Name="gOddPotionItemNameJPNTex" OutName="odd_potion_item_name_jpn" Format="ia4" Width="128" Height="16" Offset="0xC400"/>
        <Texture Name="gPoachersSawItemNameJPNTex" OutName="poachers_saw_item_name_jpn" Format="ia4" Width="128" Height="16" Offset="0xC800"/>
        <Texture Name="gBrokenGoronsSwordItemNameJPNTex" OutName="broken_gorons_sword_item_name_jpn" Format="ia4" Width="128" Height="16" Offset="0xCC00"/>
        <Texture Name="gPrescriptionItemNameJPNTex" OutName="prescription_item_name_jpn" Format="ia4" Width="128" Height="16" Offset="0xD000"/>
        <Texture Name="gEyeBallFrogItemNameJPNTex" OutName="eyeball_frog_item_name_jpn" Format="ia4" Width="128" Height="16" Offset="0xD400"/>
        <Texture Name="gEyeDropsItemNameJPNTex" OutName="eyedrops_item_name_jpn" Format="ia4" Width="128" Height="16" Offset="0xD800"/>
        <Texture Name="gClaimCheckItemNameJPNTex" OutName="claim_check_item_name_jpn" Format="ia4" Width="128" Height="16" Offset="0xDC00"/>
        <Texture Name="gUnusedWindMedallionItemName1JPNTex" OutName="wind_medallion_item_name_unused_jpn_1" Format="ia4" Width="128" Height="16" Offset="0xE000"/>
        <Texture Name="gUnusedFireMedallionItemName1JPNTex" OutName="fire_medallion_item_name_unused_jpn_1" Format="ia4" Width="128" Height="16" Offset="0xE400"/>
        <Texture Name="gUnusedIceMedallionItemName1JPNTex" OutName="ice_medallion_item_name_unused_jpn_1" Format="ia4" Width="128" Height="16" Offset="0xE800"/>
        <Texture Name="gKokiriSwordItemNameJPNTex" OutName="kokiri_sword_item_name_jpn" Format="ia4" Width="128" Height="16" Offset="0xEC00"/>
        <Texture Name="gMasterSwordItemNameJPNTex" OutName="master_sword_item_name_jpn" Format="ia4" Width="128" Height="16" Offset="0xF000"/>
        <Texture Name="gGiantsKnifeItemNameJPNTex" OutName="giants_knife_item_name_jpn" Format="ia4" Width="128" Height="16" Offset="0xF400"/>
        <Texture Name="gDekuShieldItemNameJPNTex" OutName="deku_shield_item_name_jpn" Format="ia4" Width="128" Height="16" Offset="0xF800"/>
        <Texture Name="gHylianShieldItemNameJPNTex" OutName="hylian_shield_item_name_jpn" Format="ia4" Width="128" Height="16" Offset="0xFC00"/>
        <Texture Name="gMirrorShieldItemNameJPNTex" OutName="mirror_shield_item_name_jpn" Format="ia4" Width="128" Height="16" Offset="0x10000"/>
        <Texture Name="gKokiriTunicItemNameJPNTex" OutName="kokiri_tunic_item_name_jpn" Format="ia4" Width="128" Height="16" Offset="0x10400"/>
        <Texture Name="gGoronTunicItemNameJPNTex" OutName="goron_tunic_item_name_jpn" Format="ia4" Width="128" Height="16" Offset="0x10800"/>
        <Texture Name="gZoraTunicItemNameJPNTex" OutName="zora_tunic_item_name_jpn" Format="ia4" Width="128" Height="16" Offset="0x10C00"/>
        <Texture Name="gKokiriBootsItemNameJPNTex" OutName="kokiri_boots_item_name_jpn" Format="ia4" Width="128" Height="16" Offset="0x11000"/>
        <Texture Name="gIronBootsItemNameJPNTex" OutName="iron_boots_item_name_jpn" Format="ia4" Width="128" Height="16" Offset="0x11400"/>
        <Texture Name="gHoverBootsItemNameJPNTex" OutName="hover_boots_item_name_jpn" Format="ia4" Width="128" Height="16" Offset="0x11800"/>
        <Texture Name="gBulletBag30ItemNameJPNTex" OutName="bullet_bag_30_item_name_jpn" Format="ia4" Width="128" Height="16" Offset="0x11C00"/>
        <Texture Name="gBulletBag40ItemNameJPNTex" OutName="bullet_bag_40_item_name_jpn" Format="ia4" Width="128" Height="16" Offset="0x12000"/>
        <Texture Name="gBulletBag50ItemNameJPNTex" OutName="bullet_bag_50_item_name_jpn" Format="ia4" Width="128" Height="16" Offset="0x12400"/>
        <Texture Name="gQuiver30ItemNameJPNTex" OutName="quiver_30_item_name_jpn" Format="ia4" Width="128" Height="16" Offset="0x12800"/>
        <Texture Name="gQuiver40ItemNameJPNTex" OutName="quiver_40_item_name_jpn" Format="ia4" Width="128" Height="16" Offset="0x12C00"/>
        <Texture Name="gQuiver50ItemNameJPNTex" OutName="quiver_50_item_name_jpn" Format="ia4" Width="128" Height="16" Offset="0x13000"/>
        <Texture Name="gBombBag20ItemNameJPNTex" OutName="bomb_bag_20_item_name_jpn" Format="ia4" Width="128" Height="16" Offset="0x13400"/>
        <Texture Name="gBombBag30ItemNameJPNTex" OutName="bomb_bag_30_item_name_jpn" Format="ia4" Width="128" Height="16" Offset="0x13800"/>
        <Texture Name="gBombBag40ItemNameJPNTex" OutName="bomb_bag_40_item_name_jpn" Format="ia4" Width="128" Height="16" Offset="0x13C00"/>
        <Texture Name="gGoronsBraceletItemNameJPNTex" OutName="gorons_bracelet_item_name_jpn" Format="ia4" Width="128" Height="16" Offset="0x14000"/>
        <Texture Name="gSilverGauntletsItemNameJPNTex" OutName="silver_gauntlets_item_name_jpn" Format="ia4" Width="128" Height="16" Offset="0x14400"/>
        <Texture Name="gGoldenGauntletsItemNameJPNTex" OutName="golden_gauntlets_item_name_jpn" Format="ia4" Width="128" Height="16" Offset="0x14800"/>
        <Texture Name="gSilverScaleItemNameJPNTex" OutName="silver_scale_item_name_jpn" Format="ia4" Width="128" Height="16" Offset="0x14C00"/>
        <Texture Name="gGoldenScaleItemNameJPNTex" OutName="golden_scale_item_name_jpn" Format="ia4" Width="128" Height="16" Offset="0x15000"/>
        <Texture Name="gBrokenGiantsKnifeItemNameJPNTex" OutName="broken_giants_knife_item_name_jpn" Format="ia4" Width="128" Height="16" Offset="0x15400"/>
        <Texture Name="gUnusedBossKeyItemName1JPNTex" OutName="boss_key_item_name_unused_jpn_1" Format="ia4" Width="128" Height="16" Offset="0x15800"/>
        <Texture Name="gUnusedBossKeyItemName2JPNTex" OutName="boss_key_item_name_unused_jpn_2" Format="ia4" Width="128" Height="16" Offset="0x15C00"/>
        <Texture Name="gUnusedBossKeyItemName3JPNTex" OutName="boss_key_item_name_unused_jpn_3" Format="ia4" Width="128" Height="16" Offset="0x16000"/>
        <Texture Name="gUnusedBossKeyItemName4JPNTex" OutName="boss_key_item_name_unused_jpn_4" Format="ia4" Width="128" Height="16" Offset="0x16400"/>
        <Texture Name="gMinuetOfForestItemNameJPNTex" OutName="minuet_of_forest_item_name_jpn" Format="ia4" Width="128" Height="16" Offset="0x16800"/>
        <Texture Name="gBoleroOfFireItemNameJPNTex" OutName="bolero_of_fire_item_name_jpn" Format="ia4" Width="128" Height="16" Offset="0x16C00"/>
        <Texture Name="gSerenadeOfWaterItemNameJPNTex" OutName="serenade_of_water_item_name_jpn" Format="ia4" Width="128" Height="16" Offset="0x17000"/>
        <Texture Name="gRequiemOfSpiritItemNameJPNTex" OutName="requiem_of_spirit_item_name_jpn" Format="ia4" Width="128" Height="16" Offset="0x17400"/>
        <Texture Name="gNocturneOfShadowItemNameJPNTex" OutName="nocturne_of_shadow_item_name_jpn" Format="ia4" Width="128" Height="16" Offset="0x17800"/>
        <Texture Name="gPreludeOfLightItemNameJPNTex" OutName="prelude_of_light_item_name_jpn" Format="ia4" Width="128" Height="16" Offset="0x17C00"/>
        <Texture Name="gZeldasLullabyItemNameJPNTex" OutName="zeldas_lullaby_item_name_jpn" Format="ia4" Width="128" Height="16" Offset="0x18000"/>
        <Texture Name="gEponasSongItemNameJPNTex" OutName="eponas_song_item_name_jpn" Format="ia4" Width="128" Height="16" Offset="0x18400"/>
        <Texture Name="gSariasSongItemNameJPNTex" OutName="sarias_song_item_name_jpn" Format="ia4" Width="128" Height="16" Offset="0x18800"/>
        <Texture Name="gSunsSongItemNameJPNTex" OutName="suns_song_item_name_jpn" Format="ia4" Width="128" Height="16" Offset="0x18C00"/>
        <Texture Name="gSongOfTimeItemNameJPNTex" OutName="song_of_time_item_name_jpn" Format="ia4" Width="128" Height="16" Offset="0x19000"/>
        <Texture Name="gSongOfStormsItemNameJPNTex" OutName="song_of_storms_item_name_jpn" Format="ia4" Width="128" Height="16" Offset="0x19400"/>
        <Texture Name="gForestMedallionItemNameJPNTex" OutName="forest_medallion_item_name_jpn" Format="ia4" Width="128" Height="16" Offset="0x19800"/>
        <Texture Name="gFireMedallionItemNameJPNTex" OutName="fire_medallion_item_name_jpn" Format="ia4" Width="128" Height="16" Offset="0x19C00"/>
        <Texture Name="gWaterMedallionItemNameJPNTex" OutName="water_medallion_item_name_jpn" Format="ia4" Width="128" Height="16" Offset="0x1A000"/>
        <Texture Name="gSpiritMedallionItemNameJPNTex" OutName="spirit_medallion_item_name_jpn" Format="ia4" Width="128" Height="16" Offset="0x1A400"/>
        <Texture Name="gShadowMedallionItemNameJPNTex" OutName="shadow_medallion_item_name_jpn" Format="ia4" Width="128" Height="16" Offset="0x1A800"/>
        <Texture Name="gLightMedallionItemNameJPNTex" OutName="light_medallion_item_name_jpn" Format="ia4" Width="128" Height="16" Offset="0x1AC00"/>
        <Texture Name="gKokiriEmeraldItemNameJPNTex" OutName="kokiri_emerald_item_name_jpn" Format="ia4" Width="128" Height="16" Offset="0x1B000"/>
        <Texture Name="gGoronsRubyItemNameJPNTex" OutName="gorons_ruby_item_name_jpn" Format="ia4" Width="128" Height="16" Offset="0x1B400"/>
        <Texture Name="gZorasSapphireItemNameJPNTex" OutName="zoras_sapphire_item_name_jpn" Format="ia4" Width="128" Height="16" Offset="0x1B800"/>
        <Texture Name="gStoneofAgonyItemNameJPNTex" OutName="stone_of_agony_item_name_jpn" Format="ia4" Width="128" Height="16" Offset="0x1BC00"/>
        <Texture Name="gGerudosCardItemNameJPNTex" OutName="gerudos_card_item_name_jpn" Format="ia4" Width="128" Height="16" Offset="0x1C000"/>
        <Texture Name="gGoldSkulltulaItemNameJPNTex" OutName="gold_skulltula_item_name_jpn" Format="ia4" Width="128" Height="16" Offset="0x1C400"/>
        <Texture Name="gPieceOfHeartItemNameJPNTex" OutName="piece_of_heart_item_name_jpn" Format="ia4" Width="128" Height="16" Offset="0x1C800"/>
        <Texture Name="gUnusedPieceOfHeartItemName1JPNTex" OutName="piece_of_heart_item_name_unused_jpn_1" Format="ia4" Width="128" Height="16" Offset="0x1CC00"/>
        <Texture Name="gUnusedBigKeyItemNameJPNTex" OutName="bigkey_item_name_unused_jpn" Format="ia4" Width="128" Height="16" Offset="0x1D000"/>
        <Texture Name="gCompassItemNameJPNTex" OutName="compass_item_name_jpn" Format="ia4" Width="128" Height="16" Offset="0x1D400"/>
        <Texture Name="gDungeonMapItemNameJPNTex" OutName="dungeon_map_item_name_jpn" Format="ia4" Width="128" Height="16" Offset="0x1D800"/>
        <Texture Name="gUnusedBossKeyItemName5JPNTex" OutName="boss_key_item_name_unused_jpn_5" Format="ia4" Width="128" Height="16" Offset="0x1DC00"/>
        <Texture Name="gUnusedBossKeyItemName6JPNTex" OutName="boss_key_item_name_unused_jpn_6" Format="ia4" Width="128" Height="16" Offset="0x1E000"/>
        <Texture Name="gUnusedBossKeyItemName7JPNTex" OutName="boss_key_item_name_unused_jpn_7" Format="ia4" Width="128" Height="16" Offset="0x1E400"/>
        <Texture Name="gBiggoronsSwordItemNameJPNTex" OutName="biggorons_sword_item_name_jpn" Format="ia4" Width="128" Height="16" Offset="0x1E800"/>
        <Texture Name="gDekuStickItemNameENGTex" OutName="deku_stick_item_name_eng" Format="ia4" Width="128" Height="16" Offset="0x1EC00"/>
        <Texture Name="gDekuNutItemNameENGTex" OutName="dekunut_item_name_eng" Format="ia4" Width="128" Height="16" Offset="0x1F000"/>
        <Texture Name="gBombItemNameENGTex" OutName="bomb_item_name_item_name_eng" Format="ia4" Width="128" Height="16" Offset="0x1F400"/>
        <Texture Name="gFairyBowItemNameENGTex" OutName="fairy_bow_item_name_eng" Format="ia4" Width="128" Height="16" Offset="0x1F800"/>
        <Texture Name="gFireArrowItemNameENGTex" OutName="fire_arrow_item_name_eng" Format="ia4" Width="128" Height="16" Offset="0x1FC00"/>
        <Texture Name="gDinsFireItemNameENGTex" OutName="dins_fire_item_name_eng" Format="ia4" Width="128" Height="16" Offset="0x20000"/>
        <Texture Name="gFairySlingshotItemNameENGTex" OutName="fairy_slingshot_item_name_eng" Format="ia4" Width="128" Height="16" Offset="0x20400"/>
        <Texture Name="gFairyOcarinaItemNameENGTex" OutName="fairy_ocarina_item_name_eng" Format="ia4" Width="128" Height="16" Offset="0x20800"/>
        <Texture Name="gOcarinaOfTimeItemNameENGTex" OutName="ocarina_of_time_item_name_eng" Format="ia4" Width="128" Height="16" Offset="0x20C00"/>
        <Texture Name="gBombchuItemNameENGTex" OutName="bombchu_item_name_eng" Format="ia4" Width="128" Height="16" Offset="0x21000"/>
        <Texture Name="gHookshotItemNameENGTex" OutName="hookshot_item_name_eng" Format="ia4" Width="128" Height="16" Offset="0x21400"/>
        <Texture Name="gLongshotItemNameENGTex" OutName="longshot_item_name_eng" Format="ia4" Width="128" Height="16" Offset="0x21800"/>
        <Texture Name="gIceArrowItemNameENGTex" OutName="icearrow_item_name_eng" Format="ia4" Width="128" Height="16" Offset="0x21C00"/>
        <Texture Name="gFaroresWindItemNameENGTex" OutName="farores_wind_item_name_eng" Format="ia4" Width="128" Height="16" Offset="0x22000"/>
        <Texture Name="gBoomerangItemNameENGTex" OutName="boomerang_item_name_eng" Format="ia4" Width="128" Height="16" Offset="0x22400"/>
        <Texture Name="gLensItemNameENGTex" OutName="lens_item_name_eng" Format="ia4" Width="128" Height="16" Offset="0x22800"/>
        <Texture Name="gMagicBeansItemNameENGTex" OutName="magic_beans_item_name_eng" Format="ia4" Width="128" Height="16" Offset="0x22C00"/>
        <Texture Name="gMegatonHammerItemNameENGTex" OutName="megaton_hammer_item_name_eng" Format="ia4" Width="128" Height="16" Offset="0x23000"/>
        <Texture Name="gLightArrowItemNameENGTex" OutName="light_arrow_item_name_eng" Format="ia4" Width="128" Height="16" Offset="0x23400"/>
        <Texture Name="gNayrusLoveItemNameENGTex" OutName="nayrus_love_item_name_eng" Format="ia4" Width="128" Height="16" Offset="0x23800"/>
        <Texture Name="gEmptyBottleItemNameENGTex" OutName="empty_bottle_item_name_eng" Format="ia4" Width="128" Height="16" Offset="0x23C00"/>
        <Texture Name="gRedPotionItemNameENGTex" OutName="red_potion_item_name_eng" Format="ia4" Width="128" Height="16" Offset="0x24000"/>
        <Texture Name="gGreenPotionItemNameENGTex" OutName="green_potion_item_name_eng" Format="ia4" Width="128" Height="16" Offset="0x24400"/>
        <Texture Name="gBluePotionItemNameENGTex" OutName="blue_potion_item_name_eng" Format="ia4" Width="128" Height="16" Offset="0x24800"/>
        <Texture Name="gBottledFairyItemNameENGTex" OutName="bottled_fairy_item_name_eng" Format="ia4" Width="128" Height="16" Offset="0x24C00"/>
        <Texture Name="gFishItemNameENGTex" OutName="fish_item_name_eng" Format="ia4" Width="128" Height="16" Offset="0x25000"/>
        <Texture Name="gFullMilkItemNameENGTex" OutName="full_milk_item_name_eng" Format="ia4" Width="128" Height="16" Offset="0x25400"/>
        <Texture Name="gRutosLetterItemNameENGTex" OutName="rutos_letter_item_name_eng" Format="ia4" Width="128" Height="16" Offset="0x25800"/>
        <Texture Name="gBlueFireItemNameENGTex" OutName="blue_fire_item_name_eng" Format="ia4" Width="128" Height="16" Offset="0x25C00"/>
        <Texture Name="gBugItemNameENGTex" OutName="bug_item_name_eng" Format="ia4" Width="128" Height="16" Offset="0x26000"/>
        <Texture Name="gBigPoeItemNameENGTex" OutName="big_poe_item_name_eng" Format="ia4" Width="128" Height="16" Offset="0x26400"/>
        <Texture Name="gHalfMilkItemNameENGTex" OutName="half_milk_item_name_eng" Format="ia4" Width="128" Height="16" Offset="0x26800"/>
        <Texture Name="gPoeItemNameENGTex" OutName="poe_item_name_eng" Format="ia4" Width="128" Height="16" Offset="0x26C00"/>
        <Texture Name="gWeirdEggItemNameENGTex" OutName="weird_egg_item_name_eng" Format="ia4" Width="128" Height="16" Offset="0x27000"/>
        <Texture Name="gCuccoItemNameENGTex" OutName="cucco_item_name_eng" Format="ia4" Width="128" Height="16" Offset="0x27400"/>
        <Texture Name="gZeldasLetterItemNameENGTex" OutName="zeldas_letter_item_name_eng" Format="ia4" Width="128" Height="16" Offset="0x27800"/>
        <Texture Name="gKeatonMaskItemNameENGTex" OutName="keaton_mask_item_name_eng" Format="ia4" Width="128" Height="16" Offset="0x27C00"/>
        <Texture Name="gSkullMaskItemNameENGTex" OutName="skull_mask_item_name_eng" Format="ia4" Width="128" Height="16" Offset="0x28000"/>
        <Texture Name="gSpookyMaskItemNameENGTex" OutName="spooky_mask_item_name_eng" Format="ia4" Width="128" Height="16" Offset="0x28400"/>
        <Texture Name="gBunnyHoodItemNameENGTex" OutName="bunny_hood_item_name_eng" Format="ia4" Width="128" Height="16" Offset="0x28800"/>
        <Texture Name="gGoronMaskItemNameENGTex" OutName="goron_mask_item_name_eng" Format="ia4" Width="128" Height="16" Offset="0x28C00"/>
        <Texture Name="gZoraMaskItemNameENGTex" OutName="zora_mask_item_name_eng" Format="ia4" Width="128" Height="16" Offset="0x29000"/>
        <Texture Name="gGerudoMaskItemNameENGTex" OutName="gerudo_mask_item_name_eng" Format="ia4" Width="128" Height="16" Offset="0x29400"/>
        <Texture Name="gMaskofTruthItemNameENGTex" OutName="mask_of_truth_item_name_eng" Format="ia4" Width="128" Height="16" Offset="0x29800"/>
        <Texture Name="gSOLDOUTItemNameENGTex" OutName="sold_out_item_name_eng" Format="ia4" Width="128" Height="16" Offset="0x29C00"/>
        <Texture Name="gPocketEggItemNameENGTex" OutName="pocket_egg_item_name_eng" Format="ia4" Width="128" Height="16" Offset="0x2A000"/>
        <Texture Name="gPocketCuccoItemNameENGTex" OutName="pocket_cucco_item_name_eng" Format="ia4" Width="128" Height="16" Offset="0x2A400"/>
        <Texture Name="gCojiroItemNameENGTex" OutName="cojiro_item_name_eng" Format="ia4" Width="128" Height="16" Offset="0x2A800"/>
        <Texture Name="gOddMushroomItemNameENGTex" OutName="odd_mushroom_item_name_eng" Format="ia4" Width="128" Height="16" Offset="0x2AC00"/>
        <Texture Name="gOddPotionItemNameENGTex" OutName="odd_potion_item_name_eng" Format="ia4" Width="128" Height="16" Offset="0x2B000"/>
        <Texture Name="gPoachersSawItemNameENGTex" OutName="poachers_saw_item_name_eng" Format="ia4" Width="128" Height="16" Offset="0x2B400"/>
        <Texture Name="gBrokenGoronsSwordItemNameENGTex" OutName="broken_gorons_sword_item_name_eng" Format="ia4" Width="128" Height="16" Offset="0x2B800"/>
        <Texture Name="gPrescriptionItemNameENGTex" OutName="prescription_item_name_eng" Format="ia4" Width="128" Height="16" Offset="0x2BC00"/>
        <Texture Name="gEyeBallFrogItemNameENGTex" OutName="eyeball_frog_item_name_eng" Format="ia4" Width="128" Height="16" Offset="0x2C000"/>
        <Texture Name="gEyeDropsItemNameENGTex" OutName="eyedrops_item_name_eng" Format="ia4" Width="128" Height="16" Offset="0x2C400"/>
        <Texture Name="gClaimCheckItemNameENGTex" OutName="claim_check_item_name_eng" Format="ia4" Width="128" Height="16" Offset="0x2C800"/>
        <Texture Name="gUnusedWindMedallionItemName2JPNTex" OutName="wind_medallion_item_name_unused_jpn_2" Format="ia4" Width="128" Height="16" Offset="0x2CC00"/>
        <Texture Name="gUnusedFireMedallionItemName2JPNTex" OutName="fire_medallion_item_name_unused_jpn_2" Format="ia4" Width="128" Height="16" Offset="0x2D000"/>
        <Texture Name="gUnusedIceMedallionItemName2JPNTex" OutName="ice_medallion_item_name_unused_jpn_2" Format="ia4" Width="128" Height="16" Offset="0x2D400"/>
        <Texture Name="gKokiriSwordItemNameENGTex" OutName="kokiri_sword_item_name_eng" Format="ia4" Width="128" Height="16" Offset="0x2D800"/>
        <Texture Name="gMasterSwordItemNameENGTex" OutName="master_sword_item_name_eng" Format="ia4" Width="128" Height="16" Offset="0x2DC00"/>
        <Texture Name="gGiantsKnifeItemNameENGTex" OutName="giants_knife_item_name_eng" Format="ia4" Width="128" Height="16" Offset="0x2E000"/>
        <Texture Name="gDekuShieldItemNameENGTex" OutName="deku_shield_item_name_eng" Format="ia4" Width="128" Height="16" Offset="0x2E400"/>
        <Texture Name="gHylianShieldItemNameENGTex" OutName="hylian_shield_item_name_eng" Format="ia4" Width="128" Height="16" Offset="0x2E800"/>
        <Texture Name="gMirrorShieldItemNameENGTex" OutName="mirror_shield_item_name_eng" Format="ia4" Width="128" Height="16" Offset="0x2EC00"/>
        <Texture Name="gKokiriTunicItemNameENGTex" OutName="kokiri_tunic_item_name_eng" Format="ia4" Width="128" Height="16" Offset="0x2F000"/>
        <Texture Name="gGoronTunicItemNameENGTex" OutName="goron_tunic_item_name_eng" Format="ia4" Width="128" Height="16" Offset="0x2F400"/>
        <Texture Name="gZoraTunicItemNameENGTex" OutName="zora_tunic_item_name_eng" Format="ia4" Width="128" Height="16" Offset="0x2F800"/>
        <Texture Name="gKokiriBootsItemNameENGTex" OutName="kokiri_boots_item_name_eng" Format="ia4" Width="128" Height="16" Offset="0x2FC00"/>
        <Texture Name="gIronBootsItemNameENGTex" OutName="iron_boots_item_name_eng" Format="ia4" Width="128" Height="16" Offset="0x30000"/>
        <Texture Name="gHoverBootsItemNameENGTex" OutName="hover_boots_item_name_eng" Format="ia4" Width="128" Height="16" Offset="0x30400"/>
        <Texture Name="gBulletBag30ItemNameENGTex" OutName="bullet_bag_30_item_name_eng" Format="ia4" Width="128" Height="16" Offset="0x30800"/>
        <Texture Name="gBulletBag40ItemNameENGTex" OutName="bullet_bag_40_item_name_eng" Format="ia4" Width="128" Height="16" Offset="0x30C00"/>
        <Texture Name="gBulletBag50ItemNameENGTex" OutName="bullet_bag_50_item_name_eng" Format="ia4" Width="128" Height="16" Offset="0x31000"/>
        <Texture Name="gQuiver30ItemNameENGTex" OutName="quiver_30_item_name_eng" Format="ia4" Width="128" Height="16" Offset="0x31400"/>
        <Texture Name="gQuiver40ItemNameENGTex" OutName="quiver_40_item_name_eng" Format="ia4" Width="128" Height="16" Offset="0x31800"/>
        <Texture Name="gQuiver50ItemNameENGTex" OutName="quiver_50_item_name_eng" Format="ia4" Width="128" Height="16" Offset="0x31C00"/>
        <Texture Name="gBombBag20ItemNameENGTex" OutName="bomb_bag_20_item_name_eng" Format="ia4" Width="128" Height="16" Offset="0x32000"/>
        <Texture Name="gBombBag30ItemNameENGTex" OutName="bomb_bag_30_item_name_eng" Format="ia4" Width="128" Height="16" Offset="0x32400"/>
        <Texture Name="gBombBag40ItemNameENGTex" OutName="bomb_bag_40_item_name_eng" Format="ia4" Width="128" Height="16" Offset="0x32800"/>
        <Texture Name="gGoronsBraceletItemNameENGTex" OutName="gorons_bracelet_item_name_eng" Format="ia4" Width="128" Height="16" Offset="0x32C00"/>
        <Texture Name="gSilverGauntletsItemNameENGTex" OutName="silver_gauntlets_item_name_eng" Format="ia4" Width="128" Height="16" Offset="0x33000"/>
        <Texture Name="gGoldenGauntletsItemNameENGTex" OutName="golden_gauntlets_item_name_eng" Format="ia4" Width="128" Height="16" Offset="0x33400"/>
        <Texture Name="gSilverScaleItemNameENGTex" OutName="silver_scale_item_name_eng" Format="ia4" Width="128" Height="16" Offset="0x33800"/>
        <Texture Name="gGoldenScaleItemNameENGTex" OutName="golden_scale_item_name_eng" Format="ia4" Width="128" Height="16" Offset="0x33C00"/>
        <Texture Name="gBrokenGiantsKnifeItemNameENGTex" OutName="broken_giants_knife_item_name_eng" Format="ia4" Width="128" Height="16" Offset="0x34000"/>
        <Texture Name="gUnusedBossKeyItemName8JPNTex" OutName="boss_key_item_name_unused_jpn_8" Format="ia4" Width="128" Height="16" Offset="0x34400"/>
        <Texture Name="gUnusedBossKeyItemName9JPNTex" OutName="boss_key_item_name_unused_jpn_9" Format="ia4" Width="128" Height="16" Offset="0x34800"/>
        <Texture Name="gUnusedBossKeyItemName10JPNTex" OutName="boss_key_item_name_unused_jpn_10" Format="ia4" Width="128" Height="16" Offset="0x34C00"/>
        <Texture Name="gUnusedBossKeyItemName11JPNTex" OutName="boss_key_item_name_unused_jpn_11" Format="ia4" Width="128" Height="16" Offset="0x35000"/>
        <Texture Name="gMinuetOfForestItemNameENGTex" OutName="minuet_of_forest_item_name_eng" Format="ia4" Width="128" Height="16" Offset="0x35400"/>
        <Texture Name="gBoleroOfFireItemNameENGTex" OutName="bolero_of_fire_item_name_eng" Format="ia4" Width="128" Height="16" Offset="0x35800"/>
        <Texture Name="gSerenadeOfWaterItemNameENGTex" OutName="serenade_of_water_item_name_eng" Format="ia4" Width="128" Height="16" Offset="0x35C00"/>
        <Texture Name="gRequiemOfSpiritItemNameENGTex" OutName="requiem_of_spirit_item_name_eng" Format="ia4" Width="128" Height="16" Offset="0x36000"/>
        <Texture Name="gNocturneOfShadowItemNameENGTex" OutName="nocturne_of_shadow_item_name_eng" Format="ia4" Width="128" Height="16" Offset="0x36400"/>
        <Texture Name="gPreludeOfLightItemNameENGTex" OutName="prelude_of_light_item_name_eng" Format="ia4" Width="128" Height="16" Offset="0x36800"/>
        <Texture Name="gZeldasLullabyItemNameENGTex" OutName="zeldas_lullaby_item_name_eng" Format="ia4" Width="128" Height="16" Offset="0x36C00"/>
        <Texture Name="gEponasSongItemNameENGTex" OutName="eponas_song_item_name_eng" Format="ia4" Width="128" Height="16" Offset="0x37000"/>
        <Texture Name="gSariasSongItemNameENGTex" OutName="sarias_song_item_name_eng" Format="ia4" Width="128" Height="16" Offset="0x37400"/>
        <Texture Name="gSunsSongItemNameENGTex" OutName="suns_song_item_name_eng" Format="ia4" Width="128" Height="16" Offset="0x37800"/>
        <Texture Name="gSongOfTimeItemNameENGTex" OutName="song_of_time_item_name_eng" Format="ia4" Width="128" Height="16" Offset="0x37C00"/>
        <Texture Name="gSongOfStormsItemNameENGTex" OutName="song_of_storms_item_name_eng" Format="ia4" Width="128" Height="16" Offset="0x38000"/>
        <Texture Name="gForestMedallionItemNameENGTex" OutName="forest_medallion_item_name_eng" Format="ia4" Width="128" Height="16" Offset="0x38400"/>
        <Texture Name="gFireMedallionItemNameENGTex" OutName="fire_medallion_item_name_eng" Format="ia4" Width="128" Height="16" Offset="0x38800"/>
        <Texture Name="gWaterMedallionItemNameENGTex" OutName="water_medallion_item_name_eng" Format="ia4" Width="128" Height="16" Offset="0x38C00"/>
        <Texture Name="gSpiritMedallionItemNameENGTex" OutName="spirit_medallion_item_name_eng" Format="ia4" Width="128" Height="16" Offset="0x39000"/>
        <Texture Name="gShadowMedallionItemNameENGTex" OutName="shadow_medallion_item_name_eng" Format="ia4" Width="128" Height="16" Offset="0x39400"/>
        <Texture Name="gLightMedallionItemNameENGTex" OutName="light_medallion_item_name_eng" Format="ia4" Width="128" Height="16" Offset="0x39800"/>
        <Texture Name="gKokiriEmeraldItemNameENGTex" OutName="kokiri_emerald_item_name_eng" Format="ia4" Width="128" Height="16" Offset="0x39C00"/>
        <Texture Name="gGoronsRubyItemNameENGTex" OutName="gorons_ruby_item_name_eng" Format="ia4" Width="128" Height="16" Offset="0x3A000"/>
        <Texture Name="gZorasSapphireItemNameENGTex" OutName="zoras_sapphire_item_name_eng" Format="ia4" Width="128" Height="16" Offset="0x3A400"/>
        <Texture Name="gStoneofAgonyItemNameENGTex" OutName="stone_of_agony_item_name_eng" Format="ia4" Width="128" Height="16" Offset="0x3A800"/>
        <Texture Name="gGerudosCardItemNameENGTex" OutName="gerudos_card_item_name_eng" Format="ia4" Width="128" Height="16" Offset="0x3AC00"/>
        <Texture Name="gGoldSkulltulaItemNameENGTex" OutName="gold_skulltula_item_name_eng" Format="ia4" Width="128" Height="16" Offset="0x3B000"/>
        <Texture Name="gPieceOfHeartItemNameENGTex" OutName="piece_of_heart_item_name_eng" Format="ia4" Width="128" Height="16" Offset="0x3B400"/>
        <Texture Name="gUnusedPieceOfHeartItemName2JPNTex" OutName="piece_of_heart_item_name_unused_jpn_2" Format="ia4" Width="128" Height="16" Offset="0x3B800"/>
        <Texture Name="gUnusedBigKeyItemNameENGTex" OutName="big_key_item_name_eng" Format="ia4" Width="128" Height="16" Offset="0x3BC00"/>
        <Texture Name="gCompassItemNameENGTex" OutName="compass_item_name_eng" Format="ia4" Width="128" Height="16" Offset="0x3C000"/>
        <Texture Name="gDungeonMapItemNameENGTex" OutName="dungeon_map_item_name_eng" Format="ia4" Width="128" Height="16" Offset="0x3C400"/>
        <Texture Name="gUnusedBossKeyItemName12JPNTex" OutName="boss_key_item_name_unused_jpn_12" Format="ia4" Width="128" Height="16" Offset="0x3C800"/>
        <Texture Name="gUnusedBossKeyItemName13JPNTex" OutName="boss_key_item_name_unused_jpn_13" Format="ia4" Width="128" Height="16" Offset="0x3CC00"/>
        <Texture Name="gUnusedBossKeyItemName14JPNTex" OutName="boss_key_item_name_unused_jpn_14" Format="ia4" Width="128" Height="16" Offset="0x3D000"/>
        <Texture Name="gBiggoronsSwordItemNameENGTex" OutName="biggorons_sword_item_name_eng" Format="ia4" Width="128" Height="16" Offset="0x3D400"/>
    </File>
</Root>
