<Root>
     <File Name="map_name_static" Segment="11">
        <Texture Name="gHauntedWastelandPointNameJPNTex" OutName="haunted_wasteland_point_name_jpn" Format="ia4" Width="128" Height="16" Offset="0x0"/>
        <Texture Name="gGerudosFortressPointNameJPNTex" OutName="gerudos_fortress_point_name_jpn" Format="ia4" Width="128" Height="16" Offset="0x400"/>
        <Texture Name="gGerudoValleyPointNameJPNTex" OutName="gerudo_valley_point_name_jpn" Format="ia4" Width="128" Height="16" Offset="0x800"/>
        <Texture Name="gHyliaLakesidePointNameJPNTex" OutName="hylia_lakeside_point_name_jpn" Format="ia4" Width="128" Height="16" Offset="0xc00"/>
        <Texture Name="gLonLonRanchPointNameJPNTex" OutName="lon_lon_ranch_point_name_jpn" Format="ia4" Width="128" Height="16" Offset="0x1000"/>
        <Texture Name="gMarketPointNameJPNTex" OutName="market_point_name_jpn" Format="ia4" Width="128" Height="16" Offset="0x1400"/>
        <Texture Name="gHyruleFieldPointNameJPNTex" OutName="hyrulefield_point_name_jpn" Format="ia4" Width="128" Height="16" Offset="0x1800"/>
        <Texture Name="gDeathMountainPointNameJPNTex" OutName="death_mountain_point_name_jpn" Format="ia4" Width="128" Height="16" Offset="0x1c00"/>
        <Texture Name="gKakarikoVillagePointNameJPNTex" OutName="kakariko_village_point_name_jpn" Format="ia4" Width="128" Height="16" Offset="0x2000"/>
        <Texture Name="gLostWoodsPointNameJPNTex" OutName="lost_woods_point_name_jpn" Format="ia4" Width="128" Height="16" Offset="0x2400"/>
        <Texture Name="gKokiriForestPointNameJPNTex" OutName="kokiri_forest_point_name_jpn" Format="ia4" Width="128" Height="16" Offset="0x2800"/>
        <Texture Name="gZorasDomainPointNameJPNTex" OutName="zoras_domain_point_name_jpn" Format="ia4" Width="128" Height="16" Offset="0x2c00"/>
        <Texture Name="gHauntedWastelandPointNameENGTex" OutName="haunted_wasteland_point_name_eng" Format="ia4" Width="128" Height="16" Offset="0x3000"/>
        <Texture Name="gGerudosFortressPointNameENGTex" OutName="gerudos_fortress_point_name_eng" Format="ia4" Width="128" Height="16" Offset="0x3400"/>
        <Texture Name="gGerudoValleyPointNameENGTex" OutName="gerudo_valley_point_name_eng" Format="ia4" Width="128" Height="16" Offset="0x3800"/>
        <Texture Name="gHyliaLakesidePointNameENGTex" OutName="hylia_lakeside_point_name_eng" Format="ia4" Width="128" Height="16" Offset="0x3c00"/>
        <Texture Name="gLonLonRanchPointNameENGTex" OutName="lon_lon_ranch_point_name_eng" Format="ia4" Width="128" Height="16" Offset="0x4000"/>
        <Texture Name="gMarketPointNameENGTex" OutName="market_point_name_eng" Format="ia4" Width="128" Height="16" Offset="0x4400"/>
        <Texture Name="gHyruleFieldPointNameENGTex" OutName="hyrule_field_point_name_eng" Format="ia4" Width="128" Height="16" Offset="0x4800"/>
        <Texture Name="gDeathMountainPointNameENGTex" OutName="death_mountain_point_name_eng" Format="ia4" Width="128" Height="16" Offset="0x4c00"/>
        <Texture Name="gKakarikoVillagePointNameENGTex" OutName="kakariko_village_point_name_eng" Format="ia4" Width="128" Height="16" Offset="0x5000"/>
        <Texture Name="gLostWoodsPointNameENGTex" OutName="lost_woods_point_name_eng" Format="ia4" Width="128" Height="16" Offset="0x5400"/>
        <Texture Name="gKokiriForestPointNameENGTex" OutName="kokiri_forest_point_name_eng" Format="ia4" Width="128" Height="16" Offset="0x5800"/>
        <Texture Name="gZorasDomainPointNameENGTex" OutName="zoras_domain_point_name_eng" Format="ia4" Width="128" Height="16" Offset="0x5c00"/>
        <Texture Name="gHyruleFieldPositionNameJPNTex" OutName="hyrule_field_position_name_jpn" Format="ia8" Width="80" Height="32" Offset="0x6000"/>
        <Texture Name="gKakarikoVillagePositionNameJPNTex" OutName="kakariko_village_position_name_jpn" Format="ia8" Width="80" Height="32" Offset="0x6a00"/>
        <Texture Name="gGraveyardPositionNameJPNTex" OutName="graveyard_position_name_jpn" Format="ia8" Width="80" Height="32" Offset="0x7400"/>
        <Texture Name="gZorasRiverPositionNameJPNTex" OutName="zoras_river_position_name_jpn" Format="ia8" Width="80" Height="32" Offset="0x7e00"/>
        <Texture Name="gKokiriForestPositionNameJPNTex" OutName="kokiri_forest_position_name_jpn" Format="ia8" Width="80" Height="32" Offset="0x8800"/>
        <Texture Name="gSacredForestMeadowPositionNameJPNTex" OutName="sacred_forest_meadow_position_name_jpn" Format="ia8" Width="80" Height="32" Offset="0x9200"/>
        <Texture Name="gLakeHyliaPositionNameJPNTex" OutName="lake_hylia_position_name_jpn" Format="ia8" Width="80" Height="32" Offset="0x9c00"/>
        <Texture Name="gZorasDomainPositionNameJPNTex" OutName="zoras_domain_position_name_jpn" Format="ia8" Width="80" Height="32" Offset="0xa600"/>
        <Texture Name="gZorasFountainPositionNameJPNTex" OutName="zoras_fountain_position_name_jpn" Format="ia8" Width="80" Height="32" Offset="0xb000"/>
        <Texture Name="gGerudoValleyPositionNameJPNTex" OutName="gerudo_valley_position_name_jpn" Format="ia8" Width="80" Height="32" Offset="0xba00"/>
        <Texture Name="gLostWoodsPositionNameJPNTex" OutName="lost_woods_position_name_jpn" Format="ia8" Width="80" Height="32" Offset="0xc400"/>
        <Texture Name="gDesertColossusPositionNameJPNTex" OutName="desert_colossus_position_name_jpn" Format="ia8" Width="80" Height="32" Offset="0xce00"/>
        <Texture Name="gGerudosFortressPositionNameJPNTex" OutName="gerudos_fortress_position_name_jpn" Format="ia8" Width="80" Height="32" Offset="0xd800"/>
        <Texture Name="gHauntedWastelandPositionNameJPNTex" OutName="haunted_wasteland_position_name_jpn" Format="ia8" Width="80" Height="32" Offset="0xe200"/>
        <Texture Name="gMarketPositionNameJPNTex" OutName="market_position_name_jpn" Format="ia8" Width="80" Height="32" Offset="0xec00"/>
        <Texture Name="gHyruleCastlePositionNameJPNTex" OutName="hyrule_castle_position_name_jpn" Format="ia8" Width="80" Height="32" Offset="0xf600"/>
        <Texture Name="gDeathMountainTrailPositionNameJPNTex" OutName="death_mountain_trail_position_name_jpn" Format="ia8" Width="80" Height="32" Offset="0x10000"/>
        <Texture Name="gDeathMountainCraterPositionNameJPNTex" OutName="death_mountain_crater_position_name_jpn" Format="ia8" Width="80" Height="32" Offset="0x10a00"/>
        <Texture Name="gGoronCityPositionNameJPNTex" OutName="goron_city_position_name_jpn" Format="ia8" Width="80" Height="32" Offset="0x11400"/>
        <Texture Name="gLonLonRanchPositionNameJPNTex" OutName="lon_lon_ranch_position_name_jpn" Format="ia8" Width="80" Height="32" Offset="0x11e00"/>
        <Texture Name="gQuestionMarkPositionNameJPNTex" OutName="question_mark_position_name_jpn" Format="ia8" Width="80" Height="32" Offset="0x12800"/>
        <Texture Name="gGanonsCastlePositionNameJPNTex" OutName="ganons_castle_position_name_jpn" Format="ia8" Width="80" Height="32" Offset="0x13200"/>
        <Texture Name="gHyruleFieldPositionNameENGTex" OutName="hyrule_field_position_name_eng" Format="ia8" Width="80" Height="32" Offset="0x13c00"/>
        <Texture Name="gKakarikoVillagePositionNameENGTex" OutName="kakariko_village_position_name_eng" Format="ia8" Width="80" Height="32" Offset="0x14600"/>
        <Texture Name="gGraveyardPositionNameENGTex" OutName="graveyard_position_name_eng" Format="ia8" Width="80" Height="32" Offset="0x15000"/>
        <Texture Name="gZorasRiverPositionNameENGTex" OutName="zoras_river_position_name_eng" Format="ia8" Width="80" Height="32" Offset="0x15a00"/>
        <Texture Name="gKokiriForestPositionNameENGTex" OutName="kokiri_forest_position_name_eng" Format="ia8" Width="80" Height="32" Offset="0x16400"/>
        <Texture Name="gSacredForestMeadowPositionNameENGTex" OutName="sacred_forest_meadow_position_name_eng" Format="ia8" Width="80" Height="32" Offset="0x16e00"/>
        <Texture Name="gLakeHyliaPositionNameENGTex" OutName="lake_hylia_position_name_eng" Format="ia8" Width="80" Height="32" Offset="0x17800"/>
        <Texture Name="gZorasDomainPositionNameENGTex" OutName="zoras_domain_position_name_eng" Format="ia8" Width="80" Height="32" Offset="0x18200"/>
        <Texture Name="gZorasFountainPositionNameENGTex" OutName="zoras_fountain_position_name_eng" Format="ia8" Width="80" Height="32" Offset="0x18c00"/>
        <Texture Name="gGerudoValleyPositionNameENGTex" OutName="gerudo_valley_position_name_eng" Format="ia8" Width="80" Height="32" Offset="0x19600"/>
        <Texture Name="gLostWoodsPositionNameENGTex" OutName="lost_woods_position_name_eng" Format="ia8" Width="80" Height="32" Offset="0x1a000"/>
        <Texture Name="gDesertColossusPositionNameENGTex" OutName="desert_colossus_position_name_eng" Format="ia8" Width="80" Height="32" Offset="0x1aa00"/>
        <Texture Name="gGerudosFortressPositionNameENGTex" OutName="gerudos_fortress_position_name_eng" Format="ia8" Width="80" Height="32" Offset="0x1b400"/>
        <Texture Name="gHauntedWastelandPositionNameENGTex" OutName="haunted_wasteland_position_name_eng" Format="ia8" Width="80" Height="32" Offset="0x1be00"/>
        <Texture Name="gMarketPositionNameENGTex" OutName="market_position_name_eng" Format="ia8" Width="80" Height="32" Offset="0x1c800"/>
        <Texture Name="gHyruleCastlePositionNameENGTex" OutName="hyrule_castle_position_name_eng" Format="ia8" Width="80" Height="32" Offset="0x1d200"/>
        <Texture Name="gDeathMountainTrailPositionNameENGTex" OutName="death_mountain_trail_position_name_eng" Format="ia8" Width="80" Height="32" Offset="0x1dc00"/>
        <Texture Name="gDeathMountainCraterPositionNameENGTex" OutName="death_mountain_crater_position_name_eng" Format="ia8" Width="80" Height="32" Offset="0x1e600"/>
        <Texture Name="gGoronCityPositionNameENGTex" OutName="goron_city_position_name_eng" Format="ia8" Width="80" Height="32" Offset="0x1f000"/>
        <Texture Name="gLonLonRanchPositionNameENGTex" OutName="lon_lon_ranch_position_name_eng" Format="ia8" Width="80" Height="32" Offset="0x1fa00"/>
        <Texture Name="gQuestionMarkPositionNameENGTex" OutName="question_mark_position_name_eng" Format="ia8" Width="80" Height="32" Offset="0x20400"/>
        <Texture Name="gGanonsCastlePositionNameENGTex" OutName="ganons_castle_position_name_eng" Format="ia8" Width="80" Height="32" Offset="0x20e00"/>
     </File>
</Root>
