<Root>
    <File Name="ice_doukutu_scene" Segment="2">
        <Texture Name="ice_doukutu_sceneTex_00FCC0" OutName="ice_doukutu_sceneTex_00FCC0" Format="i8" Width="32" Height="32" Offset="0xFBF0" AddedByScript="true"/>
        <Texture Name="ice_doukutu_sceneTex_0100C0" OutName="ice_doukutu_sceneTex_0100C0" Format="rgba16" Width="32" Height="32" Offset="0xFFF0" AddedByScript="true"/>
        <Texture Name="ice_doukutu_sceneTex_0108C0" OutName="ice_doukutu_sceneTex_0108C0" Format="rgba16" Width="16" Height="16" Offset="0x107F0" AddedByScript="true"/>
        <Texture Name="ice_doukutu_sceneTex_010AC0" OutName="ice_doukutu_sceneTex_010AC0" Format="i8" Width="32" Height="32" Offset="0x109F0" AddedByScript="true"/>
        <Texture Name="ice_doukutu_sceneTex_010EC0" OutName="ice_doukutu_sceneTex_010EC0" Format="rgba16" Width="32" Height="32" Offset="0x10DF0" AddedByScript="true"/>
        <Texture Name="ice_doukutu_sceneTLUT_00F8A0" OutName="ice_doukutu_sceneTLUT_00F8A0" Format="rgba16" Width="4" Height="4" Offset="0xF7D0" AddedByScript="true"/>
        <Cutscene Name="gIceCavernSerenadeCs" Offset="0x250"/>
        <Texture Name="gIceCavernNightEntranceTex" OutName="night_entrance" Format="ia16" Width="64" Height="4" Offset="0xF7F0"/>
        <Texture Name="gIceCavernDayEntranceTex" OutName="day_entrance" Format="ia16" Width="64" Height="4" Offset="0xF9F0"/>
        <Scene Name="ice_doukutu_scene" Offset="0x0"/>
    </File>
    <File Name="ice_doukutu_room_0" Segment="3">
        <Texture Name="ice_doukutu_room_0Tex_002F50" OutName="ice_doukutu_room_0Tex_002F50" Format="rgba16" Width="32" Height="64" Offset="0x2F30" AddedByScript="true"/>
        <Texture Name="ice_doukutu_room_0Tex_003F50" OutName="ice_doukutu_room_0Tex_003F50" Format="rgba16" Width="32" Height="32" Offset="0x3F30" AddedByScript="true"/>
        <Texture Name="ice_doukutu_room_0Tex_004750" OutName="ice_doukutu_room_0Tex_004750" Format="rgba16" Width="32" Height="64" Offset="0x4730" AddedByScript="true"/>
        <Texture Name="ice_doukutu_room_0Tex_005750" OutName="ice_doukutu_room_0Tex_005750" Format="rgba16" Width="32" Height="32" Offset="0x5730" AddedByScript="true"/>
        <Texture Name="ice_doukutu_room_0Tex_005F50" OutName="ice_doukutu_room_0Tex_005F50" Format="i8" Width="64" Height="64" Offset="0x5F30" AddedByScript="true"/>
        <Texture Name="ice_doukutu_room_0Tex_007678" OutName="ice_doukutu_room_0Tex_007678" Format="i8" Width="64" Height="64" Offset="0x7658" AddedByScript="true"/>
        <Room Name="ice_doukutu_room_0" Offset="0x0"/>
    </File>
    <File Name="ice_doukutu_room_1" Segment="3">
        <Texture Name="ice_doukutu_room_1Tex_004110" OutName="ice_doukutu_room_1Tex_004110" Format="rgba16" Width="32" Height="64" Offset="0x4120" AddedByScript="true"/>
        <Texture Name="ice_doukutu_room_1Tex_005110" OutName="ice_doukutu_room_1Tex_005110" Format="rgba16" Width="32" Height="32" Offset="0x5120" AddedByScript="true"/>
        <Texture Name="ice_doukutu_room_1Tex_005910" OutName="ice_doukutu_room_1Tex_005910" Format="rgba16" Width="32" Height="64" Offset="0x5920" AddedByScript="true"/>
        <Texture Name="ice_doukutu_room_1Tex_006910" OutName="ice_doukutu_room_1Tex_006910" Format="rgba16" Width="32" Height="32" Offset="0x6920" AddedByScript="true"/>
        <Texture Name="ice_doukutu_room_1Tex_007110" OutName="ice_doukutu_room_1Tex_007110" Format="rgba16" Width="32" Height="64" Offset="0x7120" AddedByScript="true"/>
        <Texture Name="ice_doukutu_room_1Tex_008110" OutName="ice_doukutu_room_1Tex_008110" Format="i8" Width="64" Height="64" Offset="0x8120" AddedByScript="true"/>
        <Texture Name="ice_doukutu_room_1Tex_009110" OutName="ice_doukutu_room_1Tex_009110" Format="rgba16" Width="32" Height="32" Offset="0x9120" AddedByScript="true"/>
        <Texture Name="ice_doukutu_room_1Tex_00AB30" OutName="ice_doukutu_room_1Tex_00AB30" Format="rgba16" Width="32" Height="64" Offset="0xAB40" AddedByScript="true"/>
        <Texture Name="ice_doukutu_room_1Tex_00BB30" OutName="ice_doukutu_room_1Tex_00BB30" Format="rgba16" Width="16" Height="16" Offset="0xBB40" AddedByScript="true"/>
        <Texture Name="ice_doukutu_room_1Tex_00BD30" OutName="ice_doukutu_room_1Tex_00BD30" Format="rgba16" Width="32" Height="32" Offset="0xBD40" AddedByScript="true"/>
        <Room Name="ice_doukutu_room_1" Offset="0x0"/>
    </File>
    <File Name="ice_doukutu_room_2" Segment="3">
        <Texture Name="ice_doukutu_room_2Tex_001730" OutName="ice_doukutu_room_2Tex_001730" Format="rgba16" Width="32" Height="64" Offset="0x1720" AddedByScript="true"/>
        <Texture Name="ice_doukutu_room_2Tex_002730" OutName="ice_doukutu_room_2Tex_002730" Format="ci4" Width="64" Height="64" Offset="0x2720" ExternalTlut="ice_doukutu_scene" ExternalTlutOffset="0xF7E0" AddedByScript="true"/>
        <Texture Name="ice_doukutu_room_2Tex_003AF8" OutName="ice_doukutu_room_2Tex_003AF8" Format="i8" Width="64" Height="64" Offset="0x3AE8" AddedByScript="true"/>
        <Texture Name="ice_doukutu_room_2Tex_004AF8" OutName="ice_doukutu_room_2Tex_004AF8" Format="rgba16" Width="32" Height="64" Offset="0x4AE8" AddedByScript="true"/>
        <Room Name="ice_doukutu_room_2" Offset="0x0"/>
    </File>
    <File Name="ice_doukutu_room_3" Segment="3">
        <Texture Name="ice_doukutu_room_3Tex_003208" OutName="ice_doukutu_room_3Tex_003208" Format="rgba16" Width="32" Height="32" Offset="0x31F8" AddedByScript="true"/>
        <Texture Name="ice_doukutu_room_3Tex_003A08" OutName="ice_doukutu_room_3Tex_003A08" Format="ci4" Width="64" Height="64" Offset="0x39F8" ExternalTlut="ice_doukutu_scene" ExternalTlutOffset="0xF7E0" AddedByScript="true"/>
        <Texture Name="ice_doukutu_room_3Tex_005090" OutName="ice_doukutu_room_3Tex_005090" Format="i8" Width="64" Height="64" Offset="0x5080" AddedByScript="true"/>
        <Texture Name="ice_doukutu_room_3Tex_006090" OutName="ice_doukutu_room_3Tex_006090" Format="rgba16" Width="32" Height="64" Offset="0x6080" AddedByScript="true"/>
        <Texture Name="ice_doukutu_room_3Tex_007090" OutName="ice_doukutu_room_3Tex_007090" Format="i8" Width="32" Height="128" Offset="0x7080" AddedByScript="true"/>
        <Room Name="ice_doukutu_room_3" Offset="0x0"/>
    </File>
    <File Name="ice_doukutu_room_4" Segment="3">
        <Texture Name="ice_doukutu_room_4Tex_0028E0" OutName="ice_doukutu_room_4Tex_0028E0" Format="rgba16" Width="32" Height="32" Offset="0x2900" AddedByScript="true"/>
        <Texture Name="ice_doukutu_room_4Tex_0030E0" OutName="ice_doukutu_room_4Tex_0030E0" Format="rgba16" Width="32" Height="32" Offset="0x3100" AddedByScript="true"/>
        <Texture Name="ice_doukutu_room_4Tex_0038E0" OutName="ice_doukutu_room_4Tex_0038E0" Format="ci4" Width="64" Height="64" Offset="0x3900" ExternalTlut="ice_doukutu_scene" ExternalTlutOffset="0xF7E0" AddedByScript="true"/>
        <Texture Name="ice_doukutu_room_4Tex_004650" OutName="ice_doukutu_room_4Tex_004650" Format="i8" Width="64" Height="64" Offset="0x4670" AddedByScript="true"/>
        <Texture Name="ice_doukutu_room_4Tex_005650" OutName="ice_doukutu_room_4Tex_005650" Format="rgba16" Width="32" Height="64" Offset="0x5670" AddedByScript="true"/>
        <Texture Name="ice_doukutu_room_4Tex_006650" OutName="ice_doukutu_room_4Tex_006650" Format="i8" Width="32" Height="128" Offset="0x6670" AddedByScript="true"/>
        <Room Name="ice_doukutu_room_4" Offset="0x0"/>
    </File>
    <File Name="ice_doukutu_room_5" Segment="3">
        <Texture Name="ice_doukutu_room_5Tex_004648" OutName="ice_doukutu_room_5Tex_004648" Format="rgba16" Width="16" Height="128" Offset="0x4658" AddedByScript="true"/>
        <Texture Name="ice_doukutu_room_5Tex_005648" OutName="ice_doukutu_room_5Tex_005648" Format="rgba16" Width="32" Height="32" Offset="0x5658" AddedByScript="true"/>
        <Texture Name="ice_doukutu_room_5Tex_005E48" OutName="ice_doukutu_room_5Tex_005E48" Format="rgba16" Width="32" Height="32" Offset="0x5E58" AddedByScript="true"/>
        <Texture Name="ice_doukutu_room_5Tex_006648" OutName="ice_doukutu_room_5Tex_006648" Format="rgba16" Width="32" Height="32" Offset="0x6658" AddedByScript="true"/>
        <Texture Name="ice_doukutu_room_5Tex_007478" OutName="ice_doukutu_room_5Tex_007478" Format="i8" Width="32" Height="32" Offset="0x7488" AddedByScript="true"/>
        <Texture Name="ice_doukutu_room_5Tex_007878" OutName="ice_doukutu_room_5Tex_007878" Format="i8" Width="64" Height="64" Offset="0x7888" AddedByScript="true"/>
        <Room Name="ice_doukutu_room_5" Offset="0x0"/>
    </File>
    <File Name="ice_doukutu_room_6" Segment="3">
        <Texture Name="ice_doukutu_room_6Tex_0029B0" OutName="ice_doukutu_room_6Tex_0029B0" Format="i8" Width="64" Height="64" Offset="0x2A60" AddedByScript="true"/>
        <Texture Name="ice_doukutu_room_6Tex_0039B0" OutName="ice_doukutu_room_6Tex_0039B0" Format="rgba16" Width="32" Height="32" Offset="0x3A60" AddedByScript="true"/>
        <Room Name="ice_doukutu_room_6" Offset="0x0"/>
    </File>
    <File Name="ice_doukutu_room_7" Segment="3">
        <Texture Name="ice_doukutu_room_7Tex_001758" OutName="ice_doukutu_room_7Tex_001758" Format="ci4" Width="64" Height="64" Offset="0x1758" ExternalTlut="ice_doukutu_scene" ExternalTlutOffset="0xF7E0" AddedByScript="true"/>
        <Texture Name="ice_doukutu_room_7Tex_0040E8" OutName="ice_doukutu_room_7Tex_0040E8" Format="i8" Width="64" Height="64" Offset="0x40E8" AddedByScript="true"/>
        <Texture Name="ice_doukutu_room_7Tex_0050E8" OutName="ice_doukutu_room_7Tex_0050E8" Format="rgba16" Width="32" Height="32" Offset="0x50E8" AddedByScript="true"/>
        <Room Name="ice_doukutu_room_7" Offset="0x0"/>
    </File>
    <File Name="ice_doukutu_room_8" Segment="3">
        <Room Name="ice_doukutu_room_8" Offset="0x0"/>
    </File>
    <File Name="ice_doukutu_room_9" Segment="3">
        <Texture Name="ice_doukutu_room_9Tex_0044A0" OutName="ice_doukutu_room_9Tex_0044A0" Format="rgba16" Width="32" Height="64" Offset="0x4460" AddedByScript="true"/>
        <Texture Name="ice_doukutu_room_9Tex_0054A0" OutName="ice_doukutu_room_9Tex_0054A0" Format="rgba16" Width="32" Height="32" Offset="0x5460" AddedByScript="true"/>
        <Texture Name="ice_doukutu_room_9Tex_005CA0" OutName="ice_doukutu_room_9Tex_005CA0" Format="rgba16" Width="32" Height="32" Offset="0x5C60" AddedByScript="true"/>
        <Texture Name="ice_doukutu_room_9Tex_0064A0" OutName="ice_doukutu_room_9Tex_0064A0" Format="rgba16" Width="32" Height="32" Offset="0x6460" AddedByScript="true"/>
        <Texture Name="ice_doukutu_room_9Tex_006CA0" OutName="ice_doukutu_room_9Tex_006CA0" Format="rgba16" Width="32" Height="32" Offset="0x6C60" AddedByScript="true"/>
        <Texture Name="ice_doukutu_room_9Tex_007690" OutName="ice_doukutu_room_9Tex_007690" Format="rgba16" Width="32" Height="64" Offset="0x7650" AddedByScript="true"/>
        <Room Name="ice_doukutu_room_9" Offset="0x0"/>
    </File>
    <File Name="ice_doukutu_room_10" Segment="3">
        <Texture Name="ice_doukutu_room_10Tex_001A28" OutName="ice_doukutu_room_10Tex_001A28" Format="rgba16" Width="32" Height="64" Offset="0x1A28" AddedByScript="true"/>
        <Texture Name="ice_doukutu_room_10Tex_002A28" OutName="ice_doukutu_room_10Tex_002A28" Format="i8" Width="64" Height="64" Offset="0x2A28" AddedByScript="true"/>
        <Texture Name="ice_doukutu_room_10Tex_003BD8" OutName="ice_doukutu_room_10Tex_003BD8" Format="rgba16" Width="32" Height="32" Offset="0x3BD8" AddedByScript="true"/>
        <Room Name="ice_doukutu_room_10" Offset="0x0"/>
    </File>
    <File Name="ice_doukutu_room_11" Segment="3">
        <Texture Name="ice_doukutu_room_11Tex_002928" OutName="ice_doukutu_room_11Tex_002928" Format="rgba16" Width="32" Height="32" Offset="0x29D8" AddedByScript="true"/>
        <Texture Name="ice_doukutu_room_11Tex_003128" OutName="ice_doukutu_room_11Tex_003128" Format="rgba16" Width="32" Height="32" Offset="0x31D8" AddedByScript="true"/>
        <Texture Name="ice_doukutu_room_11Tex_003928" OutName="ice_doukutu_room_11Tex_003928" Format="rgba16" Width="32" Height="32" Offset="0x39D8" AddedByScript="true"/>
        <Texture Name="ice_doukutu_room_11Tex_004848" OutName="ice_doukutu_room_11Tex_004848" Format="i8" Width="64" Height="64" Offset="0x48F8" AddedByScript="true"/>
        <Room Name="ice_doukutu_room_11" Offset="0x0"/>
    </File>
</Root>
