<Root>
    <File Name="ydan_scene" Segment="2">
        <Texture Name="ydan_sceneTLUT_00B810" OutName="ydan_sceneTLUT_00B810" Format="rgba16" Width="16" Height="16" Offset="0xB800" AddedByScript="true"/>
        <Cutscene Name="gDekuTreeIntroCs" Offset="0xB640"/>
        <Texture Name="gYdanTex_00BA18" Format="rgba16" Width="32" Height="64" Offset="0xBA08"/>
        <Texture Name="gYdanTex_00CA18" Format="rgba16" Width="32" Height="64" Offset="0xCA08"/>

        <Scene Name="ydan_scene" Offset="0x0"/>
    </File>
    <File Name="ydan_room_0" Segment="3">
        <Texture Name="ydan_room_0Tex_0071C0" OutName="ydan_room_0Tex_0071C0" Format="rgba16" Width="32" Height="64" Offset="0x7160" AddedByScript="true"/>
        <Texture Name="ydan_room_0Tex_0081C0" OutName="ydan_room_0Tex_0081C0" Format="rgba16" Width="32" Height="64" Offset="0x8160" AddedByScript="true"/>
        <Texture Name="ydan_room_0Tex_0091C0" OutName="ydan_room_0Tex_0091C0" Format="ci8" Width="32" Height="64" Offset="0x9160" ExternalTlut="ydan_scene" ExternalTlutOffset="0xB800" AddedByScript="true"/>
        <Texture Name="ydan_room_0Tex_0099C0" OutName="ydan_room_0Tex_0099C0" Format="ci8" Width="32" Height="64" Offset="0x9960" ExternalTlut="ydan_scene" ExternalTlutOffset="0xB800" AddedByScript="true"/>
        <Texture Name="ydan_room_0Tex_00A1C0" OutName="ydan_room_0Tex_00A1C0" Format="ci8" Width="32" Height="32" Offset="0xA160" ExternalTlut="ydan_scene" ExternalTlutOffset="0xB800" AddedByScript="true"/>
        <Texture Name="ydan_room_0Tex_00A5C0" OutName="ydan_room_0Tex_00A5C0" Format="ci8" Width="32" Height="64" Offset="0xA560" ExternalTlut="ydan_scene" ExternalTlutOffset="0xB800" AddedByScript="true"/>
        <Texture Name="ydan_room_0Tex_00ADC0" OutName="ydan_room_0Tex_00ADC0" Format="ci8" Width="32" Height="64" Offset="0xAD60" ExternalTlut="ydan_scene" ExternalTlutOffset="0xB800" AddedByScript="true"/>
        <Texture Name="ydan_room_0Tex_00B5C0" OutName="ydan_room_0Tex_00B5C0" Format="ci8" Width="32" Height="64" Offset="0xB560" ExternalTlut="ydan_scene" ExternalTlutOffset="0xB800" AddedByScript="true"/>
        <Texture Name="ydan_room_0Tex_00BDC0" OutName="ydan_room_0Tex_00BDC0" Format="rgba16" Width="32" Height="32" Offset="0xBD60" AddedByScript="true"/>
        <Texture Name="ydan_room_0Tex_00C5C0" OutName="ydan_room_0Tex_00C5C0" Format="ci8" Width="32" Height="64" Offset="0xC560" ExternalTlut="ydan_scene" ExternalTlutOffset="0xB800" AddedByScript="true"/>
        <Texture Name="ydan_room_0Tex_00CDC0" OutName="ydan_room_0Tex_00CDC0" Format="ci8" Width="32" Height="64" Offset="0xCD60" ExternalTlut="ydan_scene" ExternalTlutOffset="0xB800" AddedByScript="true"/>
        <Texture Name="ydan_room_0Tex_00D5C0" OutName="ydan_room_0Tex_00D5C0" Format="ci8" Width="32" Height="32" Offset="0xD560" ExternalTlut="ydan_scene" ExternalTlutOffset="0xB800" AddedByScript="true"/>
        <Texture Name="ydan_room_0Tex_00D9C0" OutName="ydan_room_0Tex_00D9C0" Format="ci8" Width="32" Height="64" Offset="0xD960" ExternalTlut="ydan_scene" ExternalTlutOffset="0xB800" AddedByScript="true"/>
        <Texture Name="ydan_room_0Tex_00E1C0" OutName="ydan_room_0Tex_00E1C0" Format="ci8" Width="32" Height="64" Offset="0xE160" ExternalTlut="ydan_scene" ExternalTlutOffset="0xB800" AddedByScript="true"/>
        <Texture Name="ydan_room_0Tex_00E9C0" OutName="ydan_room_0Tex_00E9C0" Format="ci8" Width="32" Height="64" Offset="0xE960" ExternalTlut="ydan_scene" ExternalTlutOffset="0xB800" AddedByScript="true"/>
        <Texture Name="ydan_room_0Tex_00F1C0" OutName="ydan_room_0Tex_00F1C0" Format="ci8" Width="32" Height="64" Offset="0xF160" ExternalTlut="ydan_scene" ExternalTlutOffset="0xB800" AddedByScript="true"/>
        <Texture Name="ydan_room_0Tex_00F9C0" OutName="ydan_room_0Tex_00F9C0" Format="rgba16" Width="64" Height="32" Offset="0xF960" AddedByScript="true"/>
        <Texture Name="ydan_room_0Tex_0109C0" OutName="ydan_room_0Tex_0109C0" Format="ci8" Width="32" Height="64" Offset="0x10960" ExternalTlut="ydan_scene" ExternalTlutOffset="0xB800" AddedByScript="true"/>
        <Texture Name="ydan_room_0Tex_012F48" OutName="ydan_room_0Tex_012F48" Format="rgba16" Width="32" Height="64" Offset="0x12EE8" AddedByScript="true"/>
        <Texture Name="ydan_room_0Tex_013F48" OutName="ydan_room_0Tex_013F48" Format="ci8" Width="32" Height="32" Offset="0x13EE8" ExternalTlut="ydan_scene" ExternalTlutOffset="0xB800" AddedByScript="true"/>
        <Texture Name="ydan_room_0Tex_014348" OutName="ydan_room_0Tex_014348" Format="ia16" Width="32" Height="64" Offset="0x142E8" AddedByScript="true"/>
        <Room Name="ydan_room_0" Offset="0x0"/>
    </File>
    <File Name="ydan_room_1" Segment="3">
        <Texture Name="ydan_room_1Tex_000F98" OutName="ydan_room_1Tex_000F98" Format="ci8" Width="32" Height="64" Offset="0xEE8" ExternalTlut="ydan_scene" ExternalTlutOffset="0xB800" AddedByScript="true"/>
        <Texture Name="ydan_room_1Tex_001798" OutName="ydan_room_1Tex_001798" Format="ci8" Width="32" Height="64" Offset="0x16E8" ExternalTlut="ydan_scene" ExternalTlutOffset="0xB800" AddedByScript="true"/>
        <Texture Name="ydan_room_1Tex_001F98" OutName="ydan_room_1Tex_001F98" Format="ci8" Width="32" Height="64" Offset="0x1EE8" ExternalTlut="ydan_scene" ExternalTlutOffset="0xB800" AddedByScript="true"/>
        <Texture Name="ydan_room_1Tex_002798" OutName="ydan_room_1Tex_002798" Format="ci8" Width="32" Height="64" Offset="0x26E8" ExternalTlut="ydan_scene" ExternalTlutOffset="0xB800" AddedByScript="true"/>
        <Texture Name="ydan_room_1Tex_003200" OutName="ydan_room_1Tex_003200" Format="ia16" Width="32" Height="64" Offset="0x3150" AddedByScript="true"/>
        <Room Name="ydan_room_1" Offset="0x0"/>
    </File>
    <File Name="ydan_room_2" Segment="3">
        <Texture Name="ydan_room_2Tex_001D08" OutName="ydan_room_2Tex_001D08" Format="ci8" Width="32" Height="64" Offset="0x1C08" ExternalTlut="ydan_scene" ExternalTlutOffset="0xB800" AddedByScript="true"/>
        <Texture Name="ydan_room_2Tex_002508" OutName="ydan_room_2Tex_002508" Format="ci8" Width="32" Height="64" Offset="0x2408" ExternalTlut="ydan_scene" ExternalTlutOffset="0xB800" AddedByScript="true"/>
        <Texture Name="ydan_room_2Tex_002D08" OutName="ydan_room_2Tex_002D08" Format="ci8" Width="32" Height="64" Offset="0x2C08" ExternalTlut="ydan_scene" ExternalTlutOffset="0xB800" AddedByScript="true"/>
        <Texture Name="ydan_room_2Tex_003508" OutName="ydan_room_2Tex_003508" Format="ci8" Width="32" Height="64" Offset="0x3408" ExternalTlut="ydan_scene" ExternalTlutOffset="0xB800" AddedByScript="true"/>
        <Texture Name="ydan_room_2Tex_003D08" OutName="ydan_room_2Tex_003D08" Format="ci8" Width="32" Height="64" Offset="0x3C08" ExternalTlut="ydan_scene" ExternalTlutOffset="0xB800" AddedByScript="true"/>
        <Texture Name="ydan_room_2Tex_004508" OutName="ydan_room_2Tex_004508" Format="ci8" Width="32" Height="64" Offset="0x4408" ExternalTlut="ydan_scene" ExternalTlutOffset="0xB800" AddedByScript="true"/>
        <Texture Name="ydan_room_2Tex_004F28" OutName="ydan_room_2Tex_004F28" Format="rgba16" Width="32" Height="64" Offset="0x4E28" AddedByScript="true"/>
        <Room Name="ydan_room_2" Offset="0x0"/>
    </File>
    <File Name="ydan_room_3" Segment="3">
        <Texture Name="ydan_room_3Tex_0074C0" OutName="ydan_room_3Tex_0074C0" Format="rgba16" Width="32" Height="64" Offset="0x74B0" AddedByScript="true"/>
        <Texture Name="ydan_room_3Tex_0084C0" OutName="ydan_room_3Tex_0084C0" Format="ci8" Width="32" Height="64" Offset="0x84B0" ExternalTlut="ydan_scene" ExternalTlutOffset="0xB800" AddedByScript="true"/>
        <Texture Name="ydan_room_3Tex_008CC0" OutName="ydan_room_3Tex_008CC0" Format="ci8" Width="32" Height="64" Offset="0x8CB0" ExternalTlut="ydan_scene" ExternalTlutOffset="0xB800" AddedByScript="true"/>
        <Texture Name="ydan_room_3Tex_0094C0" OutName="ydan_room_3Tex_0094C0" Format="ci8" Width="32" Height="64" Offset="0x94B0" ExternalTlut="ydan_scene" ExternalTlutOffset="0xB800" AddedByScript="true"/>
        <Texture Name="ydan_room_3Tex_009CC0" OutName="ydan_room_3Tex_009CC0" Format="ci8" Width="32" Height="32" Offset="0x9CB0" ExternalTlut="ydan_scene" ExternalTlutOffset="0xB800" AddedByScript="true"/>
        <Texture Name="ydan_room_3Tex_00A0C0" OutName="ydan_room_3Tex_00A0C0" Format="ci8" Width="32" Height="64" Offset="0xA0B0" ExternalTlut="ydan_scene" ExternalTlutOffset="0xB800" AddedByScript="true"/>
        <Texture Name="ydan_room_3Tex_00A8C0" OutName="ydan_room_3Tex_00A8C0" Format="ci8" Width="64" Height="32" Offset="0xA8B0" ExternalTlut="ydan_scene" ExternalTlutOffset="0xB800" AddedByScript="true"/>
        <Texture Name="ydan_room_3Tex_00B0C0" OutName="ydan_room_3Tex_00B0C0" Format="ci8" Width="32" Height="32" Offset="0xB0B0" ExternalTlut="ydan_scene" ExternalTlutOffset="0xB800" AddedByScript="true"/>
        <Texture Name="ydan_room_3Tex_00B4C0" OutName="ydan_room_3Tex_00B4C0" Format="ci8" Width="32" Height="32" Offset="0xB4B0" ExternalTlut="ydan_scene" ExternalTlutOffset="0xB800" AddedByScript="true"/>
        <Texture Name="ydan_room_3Tex_00B8C0" OutName="ydan_room_3Tex_00B8C0" Format="ci8" Width="32" Height="64" Offset="0xB8B0" ExternalTlut="ydan_scene" ExternalTlutOffset="0xB800" AddedByScript="true"/>
        <Texture Name="ydan_room_3Tex_00C0C0" OutName="ydan_room_3Tex_00C0C0" Format="ci8" Width="32" Height="64" Offset="0xC0B0" ExternalTlut="ydan_scene" ExternalTlutOffset="0xB800" AddedByScript="true"/>
        <Texture Name="ydan_room_3Tex_00C8C0" OutName="ydan_room_3Tex_00C8C0" Format="ci8" Width="32" Height="64" Offset="0xC8B0" ExternalTlut="ydan_scene" ExternalTlutOffset="0xB800" AddedByScript="true"/>
        <Texture Name="ydan_room_3Tex_00D0C0" OutName="ydan_room_3Tex_00D0C0" Format="ci8" Width="32" Height="32" Offset="0xD0B0" ExternalTlut="ydan_scene" ExternalTlutOffset="0xB800" AddedByScript="true"/>
        <Texture Name="ydan_room_3Tex_00D4C0" OutName="ydan_room_3Tex_00D4C0" Format="ci8" Width="32" Height="32" Offset="0xD4B0" ExternalTlut="ydan_scene" ExternalTlutOffset="0xB800" AddedByScript="true"/>
        <Texture Name="ydan_room_3Tex_00D8C0" OutName="ydan_room_3Tex_00D8C0" Format="ci8" Width="32" Height="64" Offset="0xD8B0" ExternalTlut="ydan_scene" ExternalTlutOffset="0xB800" AddedByScript="true"/>
        <Texture Name="ydan_room_3Tex_00E0C0" OutName="ydan_room_3Tex_00E0C0" Format="ci8" Width="32" Height="64" Offset="0xE0B0" ExternalTlut="ydan_scene" ExternalTlutOffset="0xB800" AddedByScript="true"/>
        <Texture Name="ydan_room_3Tex_00E8C0" OutName="ydan_room_3Tex_00E8C0" Format="rgba16" Width="64" Height="32" Offset="0xE8B0" AddedByScript="true"/>
        <Texture Name="ydan_room_3Tex_00F8C0" OutName="ydan_room_3Tex_00F8C0" Format="ci8" Width="32" Height="64" Offset="0xF8B0" ExternalTlut="ydan_scene" ExternalTlutOffset="0xB800" AddedByScript="true"/>
        <Texture Name="ydan_room_3Tex_011DB0" OutName="ydan_room_3Tex_011DB0" Format="rgba16" Width="32" Height="64" Offset="0x11DA0" AddedByScript="true"/>
        <Texture Name="ydan_room_3Tex_012DB0" OutName="ydan_room_3Tex_012DB0" Format="ci8" Width="32" Height="32" Offset="0x12DA0" ExternalTlut="ydan_scene" ExternalTlutOffset="0xB800" AddedByScript="true"/>
        <Texture Name="ydan_room_3Tex_0131B0" OutName="ydan_room_3Tex_0131B0" Format="ia16" Width="32" Height="64" Offset="0x131A0" AddedByScript="true"/>
        <Room Name="ydan_room_3" Offset="0x0"/>
    </File>
    <File Name="ydan_room_4" Segment="3">
        <Texture Name="ydan_room_4Tex_001920" OutName="ydan_room_4Tex_001920" Format="ci8" Width="32" Height="64" Offset="0x18C0" ExternalTlut="ydan_scene" ExternalTlutOffset="0xB800" AddedByScript="true"/>
        <Texture Name="ydan_room_4Tex_002120" OutName="ydan_room_4Tex_002120" Format="ci8" Width="32" Height="64" Offset="0x20C0" ExternalTlut="ydan_scene" ExternalTlutOffset="0xB800" AddedByScript="true"/>
        <Texture Name="ydan_room_4Tex_002920" OutName="ydan_room_4Tex_002920" Format="ci8" Width="32" Height="64" Offset="0x28C0" ExternalTlut="ydan_scene" ExternalTlutOffset="0xB800" AddedByScript="true"/>
        <Texture Name="ydan_room_4Tex_003120" OutName="ydan_room_4Tex_003120" Format="ci8" Width="64" Height="32" Offset="0x30C0" ExternalTlut="ydan_scene" ExternalTlutOffset="0xB800" AddedByScript="true"/>
        <Texture Name="ydan_room_4Tex_003C28" OutName="ydan_room_4Tex_003C28" Format="ia16" Width="32" Height="64" Offset="0x3BC8" AddedByScript="true"/>
        <Room Name="ydan_room_4" Offset="0x0"/>
    </File>
    <File Name="ydan_room_5" Segment="3">
        <Texture Name="ydan_room_5Tex_003F88" OutName="ydan_room_5Tex_003F88" Format="ci8" Width="32" Height="64" Offset="0x3F18" ExternalTlut="ydan_scene" ExternalTlutOffset="0xB800" AddedByScript="true"/>
        <Texture Name="ydan_room_5Tex_004788" OutName="ydan_room_5Tex_004788" Format="ci8" Width="32" Height="64" Offset="0x4718" ExternalTlut="ydan_scene" ExternalTlutOffset="0xB800" AddedByScript="true"/>
        <Texture Name="ydan_room_5Tex_004F88" OutName="ydan_room_5Tex_004F88" Format="ci8" Width="32" Height="64" Offset="0x4F18" ExternalTlut="ydan_scene" ExternalTlutOffset="0xB800" AddedByScript="true"/>
        <Texture Name="ydan_room_5Tex_005788" OutName="ydan_room_5Tex_005788" Format="ci8" Width="32" Height="32" Offset="0x5718" ExternalTlut="ydan_scene" ExternalTlutOffset="0xB800" AddedByScript="true"/>
        <Texture Name="ydan_room_5Tex_005B88" OutName="ydan_room_5Tex_005B88" Format="ci8" Width="32" Height="64" Offset="0x5B18" ExternalTlut="ydan_scene" ExternalTlutOffset="0xB800" AddedByScript="true"/>
        <Texture Name="ydan_room_5Tex_006388" OutName="ydan_room_5Tex_006388" Format="ci8" Width="64" Height="32" Offset="0x6318" ExternalTlut="ydan_scene" ExternalTlutOffset="0xB800" AddedByScript="true"/>
        <Texture Name="ydan_room_5Tex_006B88" OutName="ydan_room_5Tex_006B88" Format="ci8" Width="32" Height="32" Offset="0x6B18" ExternalTlut="ydan_scene" ExternalTlutOffset="0xB800" AddedByScript="true"/>
        <Texture Name="ydan_room_5Tex_006F88" OutName="ydan_room_5Tex_006F88" Format="ci8" Width="32" Height="32" Offset="0x6F18" ExternalTlut="ydan_scene" ExternalTlutOffset="0xB800" AddedByScript="true"/>
        <Texture Name="ydan_room_5Tex_007388" OutName="ydan_room_5Tex_007388" Format="ci8" Width="32" Height="32" Offset="0x7318" ExternalTlut="ydan_scene" ExternalTlutOffset="0xB800" AddedByScript="true"/>
        <Texture Name="ydan_room_5Tex_007788" OutName="ydan_room_5Tex_007788" Format="ci8" Width="32" Height="32" Offset="0x7718" ExternalTlut="ydan_scene" ExternalTlutOffset="0xB800" AddedByScript="true"/>
        <Texture Name="ydan_room_5Tex_007B88" OutName="ydan_room_5Tex_007B88" Format="ci8" Width="32" Height="64" Offset="0x7B18" ExternalTlut="ydan_scene" ExternalTlutOffset="0xB800" AddedByScript="true"/>
        <Room Name="ydan_room_5" Offset="0x0"/>
    </File>
    <File Name="ydan_room_6" Segment="3">
        <Texture Name="ydan_room_6Tex_001F00" OutName="ydan_room_6Tex_001F00" Format="ci8" Width="32" Height="64" Offset="0x1EC0" ExternalTlut="ydan_scene" ExternalTlutOffset="0xB800" AddedByScript="true"/>
        <Texture Name="ydan_room_6Tex_002700" OutName="ydan_room_6Tex_002700" Format="ci8" Width="32" Height="64" Offset="0x26C0" ExternalTlut="ydan_scene" ExternalTlutOffset="0xB800" AddedByScript="true"/>
        <Texture Name="ydan_room_6Tex_002F00" OutName="ydan_room_6Tex_002F00" Format="ci8" Width="32" Height="64" Offset="0x2EC0" ExternalTlut="ydan_scene" ExternalTlutOffset="0xB800" AddedByScript="true"/>
        <Texture Name="ydan_room_6Tex_003700" OutName="ydan_room_6Tex_003700" Format="ci8" Width="32" Height="64" Offset="0x36C0" ExternalTlut="ydan_scene" ExternalTlutOffset="0xB800" AddedByScript="true"/>
        <Texture Name="ydan_room_6Tex_003F00" OutName="ydan_room_6Tex_003F00" Format="ci8" Width="32" Height="64" Offset="0x3EC0" ExternalTlut="ydan_scene" ExternalTlutOffset="0xB800" AddedByScript="true"/>
        <Texture Name="ydan_room_6Tex_004700" OutName="ydan_room_6Tex_004700" Format="ci8" Width="32" Height="64" Offset="0x46C0" ExternalTlut="ydan_scene" ExternalTlutOffset="0xB800" AddedByScript="true"/>
        <Room Name="ydan_room_6" Offset="0x0"/>
    </File>
    <File Name="ydan_room_7" Segment="3">
        <Texture Name="ydan_room_7Tex_002C98" OutName="ydan_room_7Tex_002C98" Format="ci8" Width="32" Height="64" Offset="0x2B08" ExternalTlut="ydan_scene" ExternalTlutOffset="0xB800" AddedByScript="true"/>
        <Texture Name="ydan_room_7Tex_003498" OutName="ydan_room_7Tex_003498" Format="ci8" Width="32" Height="64" Offset="0x3308" ExternalTlut="ydan_scene" ExternalTlutOffset="0xB800" AddedByScript="true"/>
        <Texture Name="ydan_room_7Tex_003C98" OutName="ydan_room_7Tex_003C98" Format="ci8" Width="32" Height="64" Offset="0x3B08" ExternalTlut="ydan_scene" ExternalTlutOffset="0xB800" AddedByScript="true"/>
        <Texture Name="ydan_room_7Tex_004498" OutName="ydan_room_7Tex_004498" Format="ci8" Width="32" Height="64" Offset="0x4308" ExternalTlut="ydan_scene" ExternalTlutOffset="0xB800" AddedByScript="true"/>
        <Texture Name="ydan_room_7Tex_004C98" OutName="ydan_room_7Tex_004C98" Format="ci8" Width="64" Height="32" Offset="0x4B08" ExternalTlut="ydan_scene" ExternalTlutOffset="0xB800" AddedByScript="true"/>
        <Texture Name="ydan_room_7Tex_005498" OutName="ydan_room_7Tex_005498" Format="ci8" Width="32" Height="32" Offset="0x5308" ExternalTlut="ydan_scene" ExternalTlutOffset="0xB800" AddedByScript="true"/>
        <Texture Name="ydan_room_7Tex_005898" OutName="ydan_room_7Tex_005898" Format="ci8" Width="32" Height="64" Offset="0x5708" ExternalTlut="ydan_scene" ExternalTlutOffset="0xB800" AddedByScript="true"/>
        <Texture Name="ydan_room_7Tex_006098" OutName="ydan_room_7Tex_006098" Format="ci8" Width="32" Height="64" Offset="0x5F08" ExternalTlut="ydan_scene" ExternalTlutOffset="0xB800" AddedByScript="true"/>
        <Texture Name="ydan_room_7Tex_006898" OutName="ydan_room_7Tex_006898" Format="ci8" Width="32" Height="32" Offset="0x6708" ExternalTlut="ydan_scene" ExternalTlutOffset="0xB800" AddedByScript="true"/>
        <Texture Name="ydan_room_7Tex_006C98" OutName="ydan_room_7Tex_006C98" Format="ci8" Width="32" Height="32" Offset="0x6B08" ExternalTlut="ydan_scene" ExternalTlutOffset="0xB800" AddedByScript="true"/>
        <Texture Name="ydan_room_7Tex_007098" OutName="ydan_room_7Tex_007098" Format="ci8" Width="32" Height="64" Offset="0x6F08" ExternalTlut="ydan_scene" ExternalTlutOffset="0xB800" AddedByScript="true"/>
        <Texture Name="ydan_room_7Tex_007A98" OutName="ydan_room_7Tex_007A98" Format="rgba16" Width="32" Height="64" Offset="0x7908" AddedByScript="true"/>
        <Room Name="ydan_room_7" Offset="0x0"/>
    </File>
    <File Name="ydan_room_8" Segment="3">
        <Texture Name="ydan_room_8Tex_000988" OutName="ydan_room_8Tex_000988" Format="ci8" Width="32" Height="32" Offset="0x8F8" ExternalTlut="ydan_scene" ExternalTlutOffset="0xB800" AddedByScript="true"/>
        <Room Name="ydan_room_8" Offset="0x0"/>
    </File>
    <File Name="ydan_room_9" Segment="3">
        <Texture Name="ydan_room_9Tex_002480" OutName="ydan_room_9Tex_002480" Format="ci8" Width="32" Height="64" Offset="0x2480" ExternalTlut="ydan_scene" ExternalTlutOffset="0xB800" AddedByScript="true"/>
        <Texture Name="ydan_room_9Tex_002C80" OutName="ydan_room_9Tex_002C80" Format="ci8" Width="32" Height="64" Offset="0x2C80" ExternalTlut="ydan_scene" ExternalTlutOffset="0xB800" AddedByScript="true"/>
        <Texture Name="ydan_room_9Tex_003480" OutName="ydan_room_9Tex_003480" Format="ci8" Width="32" Height="64" Offset="0x3480" ExternalTlut="ydan_scene" ExternalTlutOffset="0xB800" AddedByScript="true"/>
        <Texture Name="ydan_room_9Tex_003C80" OutName="ydan_room_9Tex_003C80" Format="ci8" Width="32" Height="64" Offset="0x3C80" ExternalTlut="ydan_scene" ExternalTlutOffset="0xB800" AddedByScript="true"/>
        <Texture Name="ydan_room_9Tex_004480" OutName="ydan_room_9Tex_004480" Format="ci8" Width="32" Height="64" Offset="0x4480" ExternalTlut="ydan_scene" ExternalTlutOffset="0xB800" AddedByScript="true"/>
        <Texture Name="ydan_room_9Tex_004C80" OutName="ydan_room_9Tex_004C80" Format="ci8" Width="32" Height="64" Offset="0x4C80" ExternalTlut="ydan_scene" ExternalTlutOffset="0xB800" AddedByScript="true"/>
        <Texture Name="ydan_room_9Tex_005480" OutName="ydan_room_9Tex_005480" Format="ci8" Width="32" Height="64" Offset="0x5480" ExternalTlut="ydan_scene" ExternalTlutOffset="0xB800" AddedByScript="true"/>
        <Texture Name="ydan_room_9Tex_005C80" OutName="ydan_room_9Tex_005C80" Format="ci8" Width="32" Height="64" Offset="0x5C80" ExternalTlut="ydan_scene" ExternalTlutOffset="0xB800" AddedByScript="true"/>
        <Texture Name="ydan_room_9Tex_006480" OutName="ydan_room_9Tex_006480" Format="ci8" Width="32" Height="64" Offset="0x6480" ExternalTlut="ydan_scene" ExternalTlutOffset="0xB800" AddedByScript="true"/>
        <Texture Name="ydan_room_9Tex_007498" OutName="ydan_room_9Tex_007498" Format="rgba16" Width="32" Height="64" Offset="0x7498" AddedByScript="true"/>
        <Texture Name="ydan_room_9Tex_008498" OutName="ydan_room_9Tex_008498" Format="ci8" Width="32" Height="32" Offset="0x8498" ExternalTlut="ydan_scene" ExternalTlutOffset="0xB800" AddedByScript="true"/>
        <Texture Name="ydan_room_9Tex_008898" OutName="ydan_room_9Tex_008898" Format="ia16" Width="32" Height="64" Offset="0x8898" AddedByScript="true"/>
        <Room Name="ydan_room_9" Offset="0x0"/>
    </File>
    <File Name="ydan_room_10" Segment="3">
        <Texture Name="ydan_room_10Tex_001BE0" OutName="ydan_room_10Tex_001BE0" Format="ci8" Width="32" Height="64" Offset="0x1B60" ExternalTlut="ydan_scene" ExternalTlutOffset="0xB800" AddedByScript="true"/>
        <Texture Name="ydan_room_10Tex_0023E0" OutName="ydan_room_10Tex_0023E0" Format="ci8" Width="32" Height="64" Offset="0x2360" ExternalTlut="ydan_scene" ExternalTlutOffset="0xB800" AddedByScript="true"/>
        <Texture Name="ydan_room_10Tex_002BE0" OutName="ydan_room_10Tex_002BE0" Format="ci8" Width="32" Height="64" Offset="0x2B60" ExternalTlut="ydan_scene" ExternalTlutOffset="0xB800" AddedByScript="true"/>
        <Texture Name="ydan_room_10Tex_0033E0" OutName="ydan_room_10Tex_0033E0" Format="ci8" Width="32" Height="64" Offset="0x3360" ExternalTlut="ydan_scene" ExternalTlutOffset="0xB800" AddedByScript="true"/>
        <Texture Name="ydan_room_10Tex_003DF8" OutName="ydan_room_10Tex_003DF8" Format="rgba16" Width="32" Height="64" Offset="0x3D78" AddedByScript="true"/>
        <Room Name="ydan_room_10" Offset="0x0"/>
    </File>
    <File Name="ydan_room_11" Segment="3">
        <Texture Name="ydan_room_11Tex_003CD8" OutName="ydan_room_11Tex_003CD8" Format="ci8" Width="32" Height="64" Offset="0x3CD8" ExternalTlut="ydan_scene" ExternalTlutOffset="0xB800" AddedByScript="true"/>
        <Texture Name="ydan_room_11Tex_0044D8" OutName="ydan_room_11Tex_0044D8" Format="rgba16" Width="32" Height="64" Offset="0x44D8" AddedByScript="true"/>
        <Texture Name="ydan_room_11Tex_0054D8" OutName="ydan_room_11Tex_0054D8" Format="ci8" Width="32" Height="64" Offset="0x54D8" ExternalTlut="ydan_scene" ExternalTlutOffset="0xB800" AddedByScript="true"/>
        <Texture Name="ydan_room_11Tex_005CD8" OutName="ydan_room_11Tex_005CD8" Format="ci8" Width="32" Height="32" Offset="0x5CD8" ExternalTlut="ydan_scene" ExternalTlutOffset="0xB800" AddedByScript="true"/>
        <Texture Name="ydan_room_11Tex_006968" OutName="ydan_room_11Tex_006968" Format="ia8" Width="64" Height="32" Offset="0x6968" AddedByScript="true"/>
        <Room Name="ydan_room_11" Offset="0x0"/>
    </File>
</Root>
