<Root>
    <File Name="spot00_scene" Segment="2">
        <Texture Name="spot00_sceneTex_013D98" OutName="spot00_sceneTex_013D98" Format="rgba16" Width="32" Height="32" Offset="0x13D98" AddedByScript="true"/>
        <Texture Name="spot00_sceneTex_014598" OutName="spot00_sceneTex_014598" Format="rgba16" Width="16" Height="32" Offset="0x14598" AddedByScript="true"/>
        <Texture Name="spot00_sceneTex_014998" OutName="spot00_sceneTex_014998" Format="rgba16" Width="32" Height="16" Offset="0x14998" AddedByScript="true"/>
        <Texture Name="spot00_sceneTex_014D98" OutName="spot00_sceneTex_014D98" Format="rgba16" Width="64" Height="32" Offset="0x14D98" AddedByScript="true"/>
        <Texture Name="spot00_sceneTex_015D98" OutName="spot00_sceneTex_015D98" Format="rgba16" Width="8" Height="16" Offset="0x15D98" AddedByScript="true"/>
        <Texture Name="spot00_sceneTex_015E98" OutName="spot00_sceneTex_015E98" Format="rgba16" Width="16" Height="64" Offset="0x15E98" AddedByScript="true"/>
        <Texture Name="spot00_sceneTex_016698" OutName="spot00_sceneTex_016698" Format="rgba16" Width="32" Height="16" Offset="0x16698" AddedByScript="true"/>
        <Texture Name="spot00_sceneTex_016A98" OutName="spot00_sceneTex_016A98" Format="ia4" Width="16" Height="32" Offset="0x16A98" AddedByScript="true"/>
        <Texture Name="spot00_sceneTex_016B98" OutName="spot00_sceneTex_016B98" Format="rgba16" Width="32" Height="32" Offset="0x16B98" AddedByScript="true"/>
        <Texture Name="spot00_sceneTex_017398" OutName="spot00_sceneTex_017398" Format="rgba16" Width="32" Height="32" Offset="0x17398" AddedByScript="true"/>
        <Texture Name="spot00_sceneTex_017B98" OutName="spot00_sceneTex_017B98" Format="rgba16" Width="32" Height="64" Offset="0x17B98" AddedByScript="true"/>
        <Texture Name="spot00_sceneTex_018B98" OutName="spot00_sceneTex_018B98" Format="rgba16" Width="32" Height="32" Offset="0x18B98" AddedByScript="true"/>
        <Texture Name="spot00_sceneTex_019398" OutName="spot00_sceneTex_019398" Format="rgba16" Width="32" Height="32" Offset="0x19398" AddedByScript="true"/>
        <Texture Name="spot00_sceneTex_019B98" OutName="spot00_sceneTex_019B98" Format="rgba16" Width="32" Height="64" Offset="0x19B98" AddedByScript="true"/>
        <Texture Name="spot00_sceneTex_01AB98" OutName="spot00_sceneTex_01AB98" Format="rgba16" Width="32" Height="32" Offset="0x1AB98" AddedByScript="true"/>
        <Texture Name="spot00_sceneTex_01B398" OutName="spot00_sceneTex_01B398" Format="rgba16" Width="32" Height="32" Offset="0x1B398" AddedByScript="true"/>
        <Texture Name="spot00_sceneTex_01BB98" OutName="spot00_sceneTex_01BB98" Format="rgba16" Width="16" Height="16" Offset="0x1BB98" AddedByScript="true"/>
        <Texture Name="spot00_sceneTex_01BD98" OutName="spot00_sceneTex_01BD98" Format="rgba16" Width="16" Height="32" Offset="0x1BD98" AddedByScript="true"/>
        <Texture Name="spot00_sceneTex_01C198" OutName="spot00_sceneTex_01C198" Format="rgba16" Width="32" Height="32" Offset="0x1C198" AddedByScript="true"/>
        <Texture Name="spot00_sceneTex_01C998" OutName="spot00_sceneTex_01C998" Format="rgba16" Width="32" Height="32" Offset="0x1C998" AddedByScript="true"/>
        <Texture Name="spot00_sceneTex_01D198" OutName="spot00_sceneTex_01D198" Format="rgba16" Width="64" Height="16" Offset="0x1D198" AddedByScript="true"/>
        <Texture Name="spot00_sceneTex_01D998" OutName="spot00_sceneTex_01D998" Format="rgba16" Width="32" Height="64" Offset="0x1D998" AddedByScript="true"/>
        <Texture Name="spot00_sceneTex_01E998" OutName="spot00_sceneTex_01E998" Format="ia4" Width="128" Height="32" Offset="0x1E998" AddedByScript="true"/>
        <Texture Name="spot00_sceneTex_01F198" OutName="spot00_sceneTex_01F198" Format="ia4" Width="64" Height="32" Offset="0x1F198" AddedByScript="true"/>
        <Texture Name="spot00_sceneTex_01F598" OutName="spot00_sceneTex_01F598" Format="i4" Width="16" Height="16" Offset="0x1F598" AddedByScript="true"/>
        <Texture Name="spot00_sceneTex_01F618" OutName="spot00_sceneTex_01F618" Format="rgba16" Width="8" Height="32" Offset="0x1F618" AddedByScript="true"/>
        <Texture Name="spot00_sceneTex_01F818" OutName="spot00_sceneTex_01F818" Format="rgba16" Width="32" Height="32" Offset="0x1F818" AddedByScript="true"/>
        <Texture Name="spot00_sceneTex_020018" OutName="spot00_sceneTex_020018" Format="i4" Width="64" Height="64" Offset="0x20018" AddedByScript="true"/>
        <Texture Name="spot00_sceneTex_020818" OutName="spot00_sceneTex_020818" Format="rgba16" Width="32" Height="32" Offset="0x20818" AddedByScript="true"/>
        <Texture Name="spot00_sceneTex_021018" OutName="spot00_sceneTex_021018" Format="rgba16" Width="16" Height="64" Offset="0x21018" AddedByScript="true"/>
        <Texture Name="spot00_sceneTex_021818" OutName="spot00_sceneTex_021818" Format="rgba16" Width="16" Height="64" Offset="0x21818" AddedByScript="true"/>
        <Texture Name="spot00_sceneTex_022018" OutName="spot00_sceneTex_022018" Format="ia4" Width="128" Height="32" Offset="0x22018" AddedByScript="true"/>
        <Texture Name="spot00_sceneTex_022818" OutName="spot00_sceneTex_022818" Format="rgba16" Width="64" Height="16" Offset="0x22818" AddedByScript="true"/>
        <Texture Name="spot00_sceneTex_023018" OutName="spot00_sceneTex_023018" Format="rgba16" Width="64" Height="16" Offset="0x23018" AddedByScript="true"/>
        <Texture Name="spot00_sceneTex_023818" OutName="spot00_sceneTex_023818" Format="i4" Width="64" Height="64" Offset="0x23818" AddedByScript="true"/>
        <Texture Name="spot00_sceneTex_024018" OutName="spot00_sceneTex_024018" Format="i4" Width="64" Height="64" Offset="0x24018" AddedByScript="true"/>
        <Texture Name="spot00_sceneTex_024818" OutName="spot00_sceneTex_024818" Format="ci4" Width="64" Height="64" Offset="0x24818" TlutOffset="0x13D70" AddedByScript="true"/>
        <Texture Name="spot00_sceneTex_025018" OutName="spot00_sceneTex_025018" Format="i4" Width="64" Height="64" Offset="0x25018" AddedByScript="true"/>
        <Texture Name="spot00_sceneTex_025818" OutName="spot00_sceneTex_025818" Format="rgba16" Width="8" Height="8" Offset="0x25818" AddedByScript="true"/>
        <Texture Name="spot00_sceneTex_025898" OutName="spot00_sceneTex_025898" Format="rgba16" Width="32" Height="32" Offset="0x25898" AddedByScript="true"/>
        <Texture Name="spot00_sceneTex_026098" OutName="spot00_sceneTex_026098" Format="rgba16" Width="32" Height="32" Offset="0x26098" AddedByScript="true"/>
        <Texture Name="spot00_sceneTex_026898" OutName="spot00_sceneTex_026898" Format="ia4" Width="16" Height="32" Offset="0x26898" AddedByScript="true"/>
        <Texture Name="spot00_sceneTex_026998" OutName="spot00_sceneTex_026998" Format="rgba16" Width="64" Height="32" Offset="0x26998" AddedByScript="true"/>
        <Texture Name="spot00_sceneTex_027998" OutName="spot00_sceneTex_027998" Format="i4" Width="32" Height="64" Offset="0x27998" AddedByScript="true"/>
        <Texture Name="spot00_sceneTex_027D98" OutName="spot00_sceneTex_027D98" Format="i4" Width="32" Height="64" Offset="0x27D98" AddedByScript="true"/>
        <Texture Name="spot00_sceneTex_028198" OutName="spot00_sceneTex_028198" Format="rgba16" Width="8" Height="64" Offset="0x28198" AddedByScript="true"/>
        <Texture Name="spot00_sceneTex_028598" OutName="spot00_sceneTex_028598" Format="rgba16" Width="64" Height="32" Offset="0x28598" AddedByScript="true"/>
        <Texture Name="spot00_sceneTex_029598" OutName="spot00_sceneTex_029598" Format="i4" Width="64" Height="64" Offset="0x29598" AddedByScript="true"/>
        <Texture Name="spot00_sceneTex_029D98" OutName="spot00_sceneTex_029D98" Format="i4" Width="32" Height="32" Offset="0x29D98" AddedByScript="true"/>
        <Texture Name="spot00_sceneTex_029F98" OutName="spot00_sceneTex_029F98" Format="i4" Width="32" Height="32" Offset="0x29F98" AddedByScript="true"/>
        <Texture Name="spot00_sceneTLUT_013D70" OutName="spot00_sceneTLUT_013D70" Format="rgba16" Width="4" Height="4" Offset="0x13D70" AddedByScript="true"/>
        <Cutscene Name="gHyruleFieldGetOoTCs" Offset="0xBB80"/>
        <Cutscene Name="gHyruleFieldZeldaSongOfTimeCs" Offset="0xF870"/>
        <Cutscene Name="gHyruleFieldEastEponaJumpCs" Offset="0xFF00"/>
        <Cutscene Name="gHyruleFieldIntroCs" Offset="0x13AA0"/>
        <Cutscene Name="gHyruleFieldSouthEponaJumpCs" Offset="0xF9E0"/>
        <Cutscene Name="gHyruleFieldWestEponaJumpCs" Offset="0x10550"/>
        <Cutscene Name="gHyruleFieldGateEponaJumpCs" Offset="0x10B30"/>
        <Path Name="spot00_scenePathway_011AB4" Offset="0x11AB4" NumPaths="2"/>
        <Scene Name="spot00_scene" Offset="0x0"/>
        <Texture Name="spot00_scene_Tex_02A198" Format="ia8" Width="8" Height="16" Offset="0x2A198"/>
    </File>
    <File Name="spot00_room_0" Segment="3">
        <Room Name="spot00_room_0" Offset="0x0"/>
        <DList Name="spot00_room_0DL_012B20" Offset="0x12B20"/>
    </File>
</Root>
