<Root>
    <File Name="ovl_Boss_Ganon" BaseAddress="0x808CD080" RangeStart="0xE3C8" RangeEnd="0x211D8">
        <Texture Name="ovl_Boss_GanonTex_00E748" OutName="ovl_Boss_GanonTex_00E748" Format="i8" Width="64" Height="64" Offset="0xE458" AddedByScript="true"/>
        <Texture Name="ovl_Boss_GanonTex_00F848" OutName="ovl_Boss_GanonTex_00F848" Format="ci8" Width="32" Height="32" Offset="0xF558" TlutOffset="0xF518" AddedByScript="true"/>
        <Texture Name="ovl_Boss_GanonTex_010538" OutName="ovl_Boss_GanonTex_010538" Format="i8" Width="64" Height="64" Offset="0x10248" AddedByScript="true"/>
        <Texture Name="ovl_Boss_GanonTex_01A7B0" OutName="ovl_Boss_GanonTex_01A7B0" Format="ia16" Width="32" Height="32" Offset="0x1A4C0" AddedByScript="true"/>
        <Texture Name="ovl_Boss_GanonTex_01AFB0" OutName="ovl_Boss_GanonTex_01AFB0" Format="i4" Width="64" Height="64" Offset="0x1ACC0" AddedByScript="true"/>
        <Texture Name="ovl_Boss_GanonTex_01B7B0" OutName="ovl_Boss_GanonTex_01B7B0" Format="i4" Width="64" Height="64" Offset="0x1B4C0" AddedByScript="true"/>
        <Texture Name="ovl_Boss_GanonTex_01C420" OutName="ovl_Boss_GanonTex_01C420" Format="i8" Width="64" Height="32" Offset="0x1C130" AddedByScript="true"/>
        <Texture Name="ovl_Boss_GanonTex_01CEB8" OutName="ovl_Boss_GanonTex_01CEB8" Format="i8" Width="32" Height="64" Offset="0x1CBC8" AddedByScript="true"/>
        <Texture Name="ovl_Boss_GanonTex_01D6B8" OutName="ovl_Boss_GanonTex_01D6B8" Format="i8" Width="32" Height="32" Offset="0x1D3C8" AddedByScript="true"/>
        <Texture Name="ovl_Boss_GanonTex_01DE88" OutName="ovl_Boss_GanonTex_01DE88" Format="i8" Width="32" Height="64" Offset="0x1DB98" AddedByScript="true"/>
        <Texture Name="ovl_Boss_GanonTex_01E688" OutName="ovl_Boss_GanonTex_01E688" Format="i8" Width="32" Height="64" Offset="0x1E398" AddedByScript="true"/>
        <Texture Name="ovl_Boss_GanonTex_01EF90" OutName="ovl_Boss_GanonTex_01EF90" Format="i8" Width="96" Height="16" Offset="0x1ECA0" AddedByScript="true"/>
        <Texture Name="ovl_Boss_GanonTex_01FFF8" OutName="ovl_Boss_GanonTex_01FFF8" Format="i4" Width="32" Height="32" Offset="0x1FD08" AddedByScript="true"/>
        <Texture Name="ovl_Boss_GanonTex_020370" OutName="ovl_Boss_GanonTex_020370" Format="i8" Width="32" Height="32" Offset="0x20080" AddedByScript="true"/>
        <Texture Name="ovl_Boss_GanonTex_020770" OutName="ovl_Boss_GanonTex_020770" Format="i8" Width="32" Height="64" Offset="0x20480" AddedByScript="true"/>
        <Texture Name="ovl_Boss_GanonTLUT_00F808" OutName="ovl_Boss_GanonTLUT_00F808" Format="rgba16" Width="16" Height="16" Offset="0xF518" AddedByScript="true"/>
        <Texture Name="gGanondorfLightning1Tex" OutName="lightning_1" Format="i8" Width="32" Height="96" Offset="0x11310" Static="Off"/>
        <Texture Name="gGanondorfLightning2Tex" OutName="lightning_2" Format="i8" Width="32" Height="96" Offset="0x11F10" Static="Off"/>
        <Texture Name="gGanondorfLightning3Tex" OutName="lightning_3" Format="i8" Width="32" Height="96" Offset="0x12B10" Static="Off"/>
        <Texture Name="gGanondorfLightning4Tex" OutName="lightning_4" Format="i8" Width="32" Height="96" Offset="0x13710" Static="Off"/>
        <Texture Name="gGanondorfLightning5Tex" OutName="lightning_5" Format="i8" Width="32" Height="96" Offset="0x14310" Static="Off"/>
        <Texture Name="gGanondorfLightning6Tex" OutName="lightning_6" Format="i8" Width="32" Height="96" Offset="0x14F10" Static="Off"/>
        <Texture Name="gGanondorfLightning7Tex" OutName="lightning_7" Format="i8" Width="32" Height="96" Offset="0x15B10" Static="Off"/>
        <Texture Name="gGanondorfLightning8Tex" OutName="lightning_8" Format="i8" Width="32" Height="96" Offset="0x16710" Static="Off"/>
        <Texture Name="gGanondorfLightning9Tex" OutName="lightning_9" Format="i8" Width="32" Height="96" Offset="0x17310" Static="Off"/>
        <Texture Name="gGanondorfLightning10Tex" OutName="lightning_10" Format="i8" Width="32" Height="96" Offset="0x17F10" Static="Off"/>
        <Texture Name="gGanondorfLightning11Tex" OutName="lightning_11" Format="i8" Width="32" Height="96" Offset="0x18B10" Static="Off"/>
        <Texture Name="gGanondorfLightning12Tex" OutName="lightning_12" Format="i8" Width="32" Height="96" Offset="0x19710" Static="Off"/>
        
        <Texture Name="gGanondorfWindowShatterTemplateTex" OutName="window_shatter_template" Format="i8" Width="32" Height="64" Offset="0xFA48" Static="Off"/>

        <DList Name="gGanondorfLightStreak1DL" Offset="0x1FA00" Static="Off"/>
        <DList Name="gGanondorfLightStreak2DL" Offset="0x1FA38" Static="Off"/>
        <DList Name="gGanondorfLightStreak3DL" Offset="0x1FA70" Static="Off"/>
        <DList Name="gGanondorfLightStreak4DL" Offset="0x1FAA8" Static="Off"/>
        <DList Name="gGanondorfLightStreak5DL" Offset="0x1FAE0" Static="Off"/>
        <DList Name="gGanondorfLightStreak6DL" Offset="0x1FB18" Static="Off"/>
        <DList Name="gGanondorfLightStreak7DL" Offset="0x1FB50" Static="Off"/>
        <DList Name="gGanondorfLightStreak8DL" Offset="0x1FB88" Static="Off"/>
        <DList Name="gGanondorfLightStreak9DL" Offset="0x1FBC0" Static="Off"/>
        <DList Name="gGanondorfLightStreak10DL" Offset="0x1FBF8" Static="Off"/>
        <DList Name="gGanondorfLightStreak11DL" Offset="0x1FC30" Static="Off"/>
        <DList Name="gGanondorfLightStreak12DL" Offset="0x1FC68" Static="Off"/>

        <DList Name="gGanondorfShadowSetupDL" Offset="0xE408" Static="Off"/>
        <DList Name="gGanondorfShadowModelDL" Offset="0xE428" Static="Off"/>
        <DList Name="gGanondorfTriforceDL" Offset="0xF498" Static="Off"/>
        <DList Name="gGanondorfWindowShardMaterialDL" Offset="0xF988" Static="Off"/>
        <DList Name="gGanondorfWindowShardModelDL" Offset="0xFA30" Static="Off"/>
        <DList Name="gGanondorfLightBallMaterialDL" Offset="0x11288" Static="Off"/>
        <DList Name="gGanondorfSquareDL" Offset="0x112F8" Static="Off"/>
        <DList Name="gGanondorfLightningDL" Offset="0x1A350" Static="Off"/>
        <DList Name="gGanondorfUnusedDL" Offset="0x1A400" Static="Off"/>
        <DList Name="gGanondorfLightRayTriDL" Offset="0x1A478" Static="Off"/>
        <DList Name="gGanondorfLightFlecksDL" Offset="0x1BED0" Static="Off"/>
        <DList Name="gGanondorfBigMagicBGCircleDL" Offset="0x1BFC0" Static="Off"/>
        <DList Name="gGanondorfDotDL" Offset="0x1C068" Static="Off"/>
        <DList Name="gGanondorfShockwaveDL" Offset="0x1CAD0" Static="Off"/>
        <DList Name="gGanondorfImpactDarkDL" Offset="0x1D968" Static="Off"/>
        <DList Name="gGanondorfImpactLightDL" Offset="0x1DA80" Static="Off"/>
        <DList Name="gGanondorfShockGlowDL" Offset="0x1EBD8" Static="Off"/>
        <DList Name="gGanondorfLightCoreDL" Offset="0x1FF38" Static="Off"/>
        <DList Name="gGanondorfShockDL" Offset="0x20000" Static="Off"/>
        <DList Name="gGanondorfVortexDL" Offset="0x20DE0" Static="Off"/>
    </File>
</Root>
