<Root>
    <File Name="ovl_Arrow_Fire" BaseAddress="0x808636F0" RangeStart="0x980" RangeEnd="0x1DF0">
        <Texture Name="s1Tex" OutName="fire_tex_1" Format="i8" Width="32" Height="64" Offset="0x980" Static="On"/>
        <Texture Name="s2Tex" OutName="fire_tex_2" Format="i8" Width="32" Height="64" Offset="0x1180" Static="On"/>
        <Array Name="sVtx" Count="43" Offset="0x1980" Static="On">
            <Vtx/>
        </Array>
        <DList Name="sMaterialDL" Offset="0x1C30" Static="On"/>
        <DList Name="sModelDL" Offset="0x1CE0" Static="On"/>
    </File>
</Root>
