<Root>
    <File Name="ovl_Boss_Sst" BaseAddress="0x80921030" RangeStart="0xA380" RangeEnd="0xAD70">
        <Texture Name="ovl_Boss_SstTex_00A438" OutName="ovl_Boss_SstTex_00A438" Format="i8" Width="16" Height="64" Offset="0xA3F8" AddedByScript="true"/>
        <Texture Name="ovl_Boss_SstTex_00A8F0" OutName="ovl_Boss_SstTex_00A8F0" Format="i8" Width="32" Height="32" Offset="0xA8B0" AddedByScript="true"/>
        <DList Name="sBodyStaticDList" Offset="0xA380"/>
        <DList Name="sHandTrailDList" Offset="0xA398"/>
        <DList Name="sIntroVanishDList" Offset="0xA7F8"/>
        <DList Name="sShadowDList" Offset="0xACB0"/>
    </File>
</Root>
