<Root>
    <Texture CRC="FD1D7A56" Path="assets/textures/shared/boss_key_item_name_unused_jpn_1"/>
    <Texture CRC="1E03A717" Path="assets/textures/shared/object_blkobjTex_00A890"/>
    <Texture CRC="EE47DD2D" Path="assets/textures/shared/tex_000165F0"/>
    <Texture CRC="F39A58EB" Path="assets/textures/shared/object_blkobjTex_008090"/>
    <Texture CRC="05355595" Path="assets/textures/shared/object_blkobjTex_008890"/>
    <Texture CRC="E91E011C" Path="assets/textures/shared/gBotwTex_0040F0"/>
    <Texture CRC="13CD3AC9" Path="assets/textures/shared/jyasinzou_room_0Tex_00F928"/>
    <Texture CRC="E68D501C" Path="assets/textures/shared/object_blkobjTex_009090"/>
    <Texture CRC="1749503F" Path="assets/textures/shared/gBotwTex_0048F0"/>
    <Texture CRC="F3C7DB4B" Path="assets/textures/shared/gBotwTex_0060F0"/>
    <Texture CRC="E7F3B78E" Path="assets/textures/shared/jyasinzou_room_0Tex_00DD28"/>
    <Texture CRC="E692647D" Path="assets/textures/shared/fishing_aquarium_water"/>
    <Texture CRC="ED0EC6BE" Path="assets/textures/shared/tex_0001CEB0"/>
    <Texture CRC="19EFE2BC" Path="assets/textures/shared/jyasinzou_room_0Tex_00B128"/>
    <Texture CRC="037B0BDD" Path="assets/textures/shared/object_blkobjTex_00D090"/>
    <Texture CRC="F4A5CDD8" Path="assets/textures/shared/ddan_room_0Tex_01B498"/>
    <Texture CRC="FC85B741" Path="assets/textures/shared/HIDAN_room_0Tex_005EC0"/>
    <Texture CRC="07D322B0" Path="assets/textures/shared/jyasinzou_room_0Tex_00E128"/>
    <Texture CRC="0D92FCD4" Path="assets/textures/shared/jyasinzou_room_10Tex_0051A0"/>
    <Texture CRC="0921DF7B" Path="assets/textures/shared/object_blkobjTex_00B090"/>
    <Texture CRC="08DD79E3" Path="assets/textures/shared/object_blkobjTex_00B890"/>
    <Texture CRC="E5039D29" Path="assets/textures/shared/tex_000155F0"/>
    <Texture CRC="07CF0466" Path="assets/textures/shared/lift_chain"/>
    <Texture CRC="E701D6A2" Path="assets/textures/shared/ganontika_room_12Tex_007260"/>
    <Texture CRC="F9B8D065" Path="assets/textures/shared/tex_000167F0"/>
    <Texture CRC="E06BBB16" Path="assets/textures/shared/object_hidan_objectsTex_000240"/>
    <Texture CRC="E85888C7" Path="assets/textures/shared/tex_00005D50"/>
    <Texture CRC="0E2AA315" Path="assets/textures/shared/HIDAN_room_0Tex_005AC0"/>
    <Texture CRC="19148C2A" Path="assets/textures/shared/HIDAN_room_10Tex_012298"/>
    <Texture CRC="02A396D3" Path="assets/textures/shared/eff_unknown_2"/>
    <Texture CRC="0E87B7F3" Path="assets/textures/shared/object_blkobjTex_00A090"/>
    <Texture CRC="FFB7F7EB" Path="assets/textures/shared/object_demo_kekkaiTex_0089D0"/>
    <Texture CRC="E8E230E3" Path="assets/textures/shared/object_demo_kekkaiTex_00C0B0"/>
    <Texture CRC="FE9DF649" Path="assets/textures/shared/fishing_stream_splash_tile_1"/>
    <Texture CRC="1964563B" Path="assets/textures/shared/tex_00019870"/>
    <Texture CRC="085CDA77" Path="assets/textures/shared/ddan_room_0Tex_018498"/>
    <Texture CRC="EB9122B3" Path="assets/textures/shared/HIDAN_room_0Tex_0052C0"/>
    <Texture CRC="0BB1177F" Path="assets/textures/shared/jyasinboss_room_1Tex_006E38"/>
    <Texture CRC="E51AACC5" Path="assets/textures/shared/jyasinboss_room_2Tex_0029C0"/>
    <Texture CRC="1437E190" Path="assets/textures/shared/jyasinzou_room_0Tex_00A928"/>
    <Texture CRC="FD7F0F21" Path="assets/textures/shared/object_blkobjTex_012090"/>
    <Texture CRC="EAC88244" Path="assets/textures/shared/tex_000027F0"/>
    <Texture CRC="E6FA3766" Path="assets/textures/shared/gBotwTex_0030F0"/>
    <Texture CRC="E6EE37DC" Path="assets/textures/shared/object_hidan_objectsTex_005E40"/>
    <Texture CRC="06E6313A" Path="assets/textures/shared/HAKAdan_room_21Tex_008F00"/>
    <Texture CRC="F9299C24" Path="assets/textures/shared/jyasinzou_room_10Tex_007DA0"/>
    <Texture CRC="05D9B7A3" Path="assets/textures/shared/ydan_room_0Tex_009160"/>
    <Texture CRC="EA9CC59D" Path="assets/textures/shared/ydan_room_0Tex_00F160"/>
    <Texture CRC="0D81F9C2" Path="assets/textures/shared/jabu_objects_1_tlut"/>
    <Texture CRC="18FA875C" Path="assets/textures/shared/jabu_objects_tex_00000140"/>
    <Texture CRC="FF137ACD" Path="assets/textures/shared/object_blkobjTex_00C090"/>
    <Texture CRC="EC91F676" Path="assets/textures/shared/object_bvTex_019BB8"/>
    <Texture CRC="1AB2D605" Path="assets/textures/shared/object_bvTLUT_0199B0"/>
    <Texture CRC="0F30970D" Path="assets/textures/shared/web_tex"/>
    <Texture CRC="1543A457" Path="assets/textures/shared/Bmori1_room_0Tex_007CC8"/>
    <Texture CRC="FD65AC3E" Path="assets/textures/shared/ddan_room_10Tex_004E50"/>
    <Texture CRC="E38D2C3B" Path="assets/textures/shared/ddan_room_11Tex_000C80"/>
    <Texture CRC="EB2C6396" Path="assets/textures/shared/ddan_room_11Tex_001480"/>
    <Texture CRC="19B3962B" Path="assets/textures/shared/ganontika_room_10Tex_004168"/>
    <Texture CRC="F297A414" Path="assets/textures/shared/ganontika_room_12Tex_009370"/>
    <Texture CRC="E41692EE" Path="assets/textures/shared/HAKAdan_room_10Tex_0073A0"/>
    <Texture CRC="FD79012C" Path="assets/textures/shared/HIDAN_room_10Tex_011898"/>
    <Texture CRC="1766570C" Path="assets/textures/shared/HIDAN_room_10Tex_011A98"/>
    <Texture CRC="FE493504" Path="assets/textures/shared/HIDAN_room_13Tex_00C3D8"/>
    <Texture CRC="0A5A144B" Path="assets/textures/shared/HIDAN_room_16Tex_00B170"/>
    <Texture CRC="F89FB3AB" Path="assets/textures/shared/ice_doukutu_room_10Tex_003BD8"/>
    <Texture CRC="EBB7AF44" Path="assets/textures/shared/men_room_0Tex_008938"/>
    <Texture CRC="FC676B88" Path="assets/textures/shared/gBotwTex_0050F0"/>
    <Texture CRC="0B77392E" Path="assets/textures/shared/tex_0001A070"/>
    <Texture CRC="F0C936EE" Path="assets/textures/shared/hashira_gate"/>
    <Texture CRC="FB929B87" Path="assets/textures/shared/tex_00005A48"/>
    <Texture CRC="F035BB2D" Path="assets/textures/shared/Bmori1_room_0Tex_00A0C8"/>
    <Texture CRC="1A44DDC7" Path="assets/textures/shared/ganontika_room_10Tex_004968"/>
    <Texture CRC="ED895079" Path="assets/textures/shared/ganontika_room_11Tex_005150"/>
    <Texture CRC="FFE381A7" Path="assets/textures/shared/ganontika_room_12Tex_005A60"/>
    <Texture CRC="1A108172" Path="assets/textures/shared/ganontika_room_12TLUT_005240"/>
    <Texture CRC="0A14B800" Path="assets/textures/shared/HIDAN_room_10Tex_017C98"/>
    <Texture CRC="009F76D8" Path="assets/textures/shared/HIDAN_room_16Tex_00A970"/>
    <Texture CRC="E119A079" Path="assets/textures/shared/HIDAN_room_17Tex_008138"/>
    <Texture CRC="E9024823" Path="assets/textures/shared/jyasinzou_room_0Tex_00E928"/>
    <Texture CRC="E45E3120" Path="assets/textures/shared/jyasinzou_room_13Tex_003048"/>
    <Texture CRC="07C35EF3" Path="assets/textures/shared/ydan_room_0Tex_012EE8"/>
    <Texture CRC="E6985582" Path="assets/textures/shared/bowling_sceneTex_008120"/>
    <Texture CRC="0689B669" Path="assets/textures/shared/hakasitarelay_room_5Tex_003448"/>
    <Texture CRC="03039DCB" Path="assets/textures/shared/spot00_sceneTex_024818"/>
    <Texture CRC="F5581E37" Path="assets/textures/shared/spot00_sceneTLUT_013D70"/>
    <Texture CRC="1ABC3F9F" Path="assets/textures/shared/eff_unknown_3"/>
    <Texture CRC="E0C05022" Path="assets/textures/shared/object_blkobjTex_00D890"/>
    <Texture CRC="FAD9324A" Path="assets/textures/shared/cell_door"/>
    <Texture CRC="010DE1D3" Path="assets/textures/shared/tex_00016BF0"/>
    <Texture CRC="F4E00E78" Path="assets/textures/shared/tex_00016DF0"/>
    <Texture CRC="EB51725A" Path="assets/textures/shared/tex_000187F0"/>
    <Texture CRC="F2EE5FA3" Path="assets/textures/shared/kanaami_middle"/>
    <Texture CRC="1E60B593" Path="assets/textures/shared/object_spot09_objTex_00A490"/>
    <Texture CRC="070FB26E" Path="assets/textures/shared/Bmori1_room_0Tex_00B0C8"/>
    <Texture CRC="0FC10D68" Path="assets/textures/shared/Bmori1_room_0Tex_00B8C8"/>
    <Texture CRC="F904FCB9" Path="assets/textures/shared/Bmori1_room_12Tex_0065F0"/>
    <Texture CRC="09A94F23" Path="assets/textures/shared/Bmori1_room_14Tex_003530"/>
    <Texture CRC="FF246A91" Path="assets/textures/shared/FIRE_bs_room_1Tex_004BD8"/>
    <Texture CRC="0A019901" Path="assets/textures/shared/ganontika_room_10Tex_005968"/>
    <Texture CRC="076B5ABF" Path="assets/textures/shared/ganontika_room_10Tex_005B68"/>
    <Texture CRC="0EF19A0E" Path="assets/textures/shared/HIDAN_room_11Tex_0033B8"/>
    <Texture CRC="0B9F067E" Path="assets/textures/shared/HIDAN_room_17Tex_005138"/>
    <Texture CRC="E4379EFF" Path="assets/textures/shared/HIDAN_room_17Tex_005938"/>
    <Texture CRC="1450BE5B" Path="assets/textures/shared/HIDAN_room_17Tex_006938"/>
    <Texture CRC="E4C0C584" Path="assets/textures/shared/jyasinzou_room_15Tex_0043B8"/>
    <Texture CRC="F4E2E220" Path="assets/textures/shared/men_room_0Tex_00ED38"/>
    <Texture CRC="F76F5125" Path="assets/textures/shared/men_room_10Tex_004458"/>
    <Texture CRC="F3E82477" Path="assets/textures/shared/ydan_room_0Tex_00CD60"/>
    <Texture CRC="0C77CC92" Path="assets/textures/shared/ydan_room_3Tex_0094B0"/>
    <Texture CRC="E2F531E7" Path="assets/textures/shared/hakasitarelay_room_0Tex_0062B8"/>
    <Texture CRC="F7DA366C" Path="assets/textures/shared/hakasitarelay_room_1Tex_005720"/>
    <Texture CRC="11B0F260" Path="assets/textures/shared/hakasitarelay_room_4Tex_003C80"/>
    <Texture CRC="1CE49D25" Path="assets/textures/shared/eff_unknown_12"/>
    <Texture CRC="E988267C" Path="assets/textures/shared/flash"/>
    <Texture CRC="1D8E7A5B" Path="assets/textures/shared/unknown_stone_2"/>
    <Texture CRC="09556A28" Path="assets/textures/shared/door_bars"/>
    <Texture CRC="EE556A49" Path="assets/textures/shared/deku_nut"/>
    <Texture CRC="02243AF1" Path="assets/textures/shared/object_fdTex_0056A8"/>
    <Texture CRC="EE8FB60E" Path="assets/textures/shared/fishing_water_dust"/>
    <Texture CRC="07120E67" Path="assets/textures/shared/gBotwTex_0058F0"/>
    <Texture CRC="0338AD8D" Path="assets/textures/shared/object_hakach_objectsTex_0062F0"/>
    <Texture CRC="F678762F" Path="assets/textures/shared/tex_0001A470"/>
    <Texture CRC="1C5FB6BE" Path="assets/textures/shared/object_hidan_objectsTex_006E40"/>
    <Texture CRC="0695CCC0" Path="assets/textures/shared/twisted_hall_ladder"/>
    <Texture CRC="F08F4278" Path="assets/textures/shared/tex_00000170"/>
    <Texture CRC="EE5176FB" Path="assets/textures/shared/tex_00014020"/>
    <Texture CRC="10F072E0" Path="assets/textures/shared/maruta_unused_1"/>
    <Texture CRC="076BF717" Path="assets/textures/shared/Bmori1_room_0Tex_00CB58"/>
    <Texture CRC="0696FE07" Path="assets/textures/shared/Bmori1_room_10Tex_001250"/>
    <Texture CRC="107EE843" Path="assets/textures/shared/Bmori1_room_11Tex_009118"/>
    <Texture CRC="0E17A8DB" Path="assets/textures/shared/Bmori1_room_12Tex_0071F0"/>
    <Texture CRC="F5467498" Path="assets/textures/shared/Bmori1_room_13Tex_004CC0"/>
    <Texture CRC="E9EC151D" Path="assets/textures/shared/ddan_room_0Tex_011498"/>
    <Texture CRC="EF5A64C2" Path="assets/textures/shared/ddan_room_0Tex_012C98"/>
    <Texture CRC="0E597363" Path="assets/textures/shared/ddan_room_0Tex_013C98"/>
    <Texture CRC="0DDC2AEF" Path="assets/textures/shared/ddan_room_12Tex_007730"/>
    <Texture CRC="0472569F" Path="assets/textures/shared/ganontika_room_2Tex_0047D8"/>
    <Texture CRC="06FD7C7C" Path="assets/textures/shared/HIDAN_room_0Tex_005CC0"/>
    <Texture CRC="F684D94A" Path="assets/textures/shared/HIDAN_room_1Tex_0091E0"/>
    <Texture CRC="103C2271" Path="assets/textures/shared/ice_doukutu_room_0Tex_002F30"/>
    <Texture CRC="0093A3F4" Path="assets/textures/shared/ice_doukutu_room_11Tex_0031D8"/>
    <Texture CRC="16A736BD" Path="assets/textures/shared/ice_doukutu_room_1Tex_00AB40"/>
    <Texture CRC="F4561B9A" Path="assets/textures/shared/jyasinzou_room_0Tex_00D528"/>
    <Texture CRC="EAC340AD" Path="assets/textures/shared/jyasinzou_room_10Tex_0079A0"/>
    <Texture CRC="0194C678" Path="assets/textures/shared/jyasinzou_room_18Tex_0030C0"/>
    <Texture CRC="E5EA84ED" Path="assets/textures/shared/men_room_0Tex_008138"/>
    <Texture CRC="E57046CB" Path="assets/textures/shared/men_room_1Tex_007290"/>
    <Texture CRC="0EBD6689" Path="assets/textures/shared/men_room_2Tex_004B78"/>
    <Texture CRC="F60B9167" Path="assets/textures/shared/MIZUsin_room_12Tex_004128"/>
    <Texture CRC="0F56933B" Path="assets/textures/shared/MIZUsin_room_22Tex_0044E8"/>
    <Texture CRC="083D33DC" Path="assets/textures/shared/ydan_room_0Tex_009960"/>
    <Texture CRC="FC1BD5AE" Path="assets/textures/shared/ydan_room_0Tex_00A560"/>
    <Texture CRC="E01AC796" Path="assets/textures/shared/ydan_room_0Tex_010960"/>
    <Texture CRC="E1CE4C08" Path="assets/textures/shared/ydan_room_11Tex_005CD8"/>
    <Texture CRC="0D27D9E9" Path="assets/textures/shared/hairal_niwa_sceneTex_007390"/>
    <Texture CRC="E9E18C29" Path="assets/textures/shared/hairal_niwa_sceneTex_008B90"/>
    <Texture CRC="0017751E" Path="assets/textures/shared/hairal_niwa_sceneTex_00FB90"/>
    <Texture CRC="0469FC0A" Path="assets/textures/shared/hakasitarelay_room_1Tex_005F20"/>
    <Texture CRC="E0C3E40A" Path="assets/textures/shared/hylia_labo_sceneTex_009A90"/>
    <Texture CRC="E6476EA0" Path="assets/textures/shared/kakusiana_room_0Tex_0022A0"/>
    <Texture CRC="F49F6117" Path="assets/textures/shared/kakusiana_room_0Tex_0042A0"/>
    <Texture CRC="1E8999E1" Path="assets/textures/shared/kakusiana_room_10Tex_003BE0"/>
    <Texture CRC="0DC68B3C" Path="assets/textures/shared/spot00_sceneTex_01AB98"/>
    <Texture CRC="11AE73DA" Path="assets/textures/shared/spot00_sceneTex_01B398"/>
    <Texture CRC="1B5470D3" Path="assets/textures/shared/spot00_sceneTex_020018"/>
    <Texture CRC="E000AFF1" Path="assets/textures/shared/spot00_sceneTex_024018"/>
    <Texture CRC="11F90BE8" Path="assets/textures/shared/spot02_room_1Tex_011508"/>
    <Texture CRC="E001D4EB" Path="assets/textures/shared/spot04_room_0Tex_014B08"/>
    <Texture CRC="11CDA502" Path="assets/textures/shared/spot04_room_0Tex_015308"/>
    <Texture CRC="16CCF21D" Path="assets/textures/shared/gameplay_dangeon_keepTex_000200"/>
    <Texture CRC="1A276B01" Path="assets/textures/shared/eff_bubble_1"/>
    <Texture CRC="F418FB62" Path="assets/textures/shared/ocarina_of_time_design"/>
    <Texture CRC="EE75476B" Path="assets/textures/shared/unused_tree_stump_top"/>
    <Texture CRC="0E448260" Path="assets/textures/shared/object_blkobjTex_00E090"/>
    <Texture CRC="E0E2DE0B" Path="assets/textures/shared/object_demo_kekkaiTex_000800"/>
    <Texture CRC="F0896343" Path="assets/textures/shared/object_demo_kekkaiTex_002450"/>
    <Texture CRC="0B08107E" Path="assets/textures/shared/object_fdTex_00A050"/>
    <Texture CRC="0586B026" Path="assets/textures/shared/tex_00008930"/>
    <Texture CRC="09EF3B55" Path="assets/textures/shared/object_gjTex_003B20"/>
    <Texture CRC="0B070D01" Path="assets/textures/shared/object_gjTex_003D20"/>
    <Texture CRC="E8F7B7D2" Path="assets/textures/shared/tex_00016FF0"/>
    <Texture CRC="10D84CDA" Path="assets/textures/shared/tex_0001C470"/>
    <Texture CRC="09062785" Path="assets/textures/shared/gtg_6310"/>
    <Texture CRC="05BB78C0" Path="assets/textures/shared/object_pohTex_004D10"/>
    <Texture CRC="F35E1E32" Path="assets/textures/shared/object_po_composerTex_005AE0"/>
    <Texture CRC="F460A18B" Path="assets/textures/shared/tex_0000"/>
    <Texture CRC="1F3E7382" Path="assets/textures/shared/tex_0400"/>
    <Texture CRC="08398602" Path="assets/textures/shared/object_spot09_objTex_008490"/>
    <Texture CRC="F8CAD0BB" Path="assets/textures/shared/corral_fence"/>
    <Texture CRC="ECC3AE58" Path="assets/textures/shared/metal_bar"/>
    <Texture CRC="15754092" Path="assets/textures/shared/bdan_room_13Tex_001D88"/>
    <Texture CRC="EC05BD1D" Path="assets/textures/shared/bdan_room_13Tex_002188"/>
    <Texture CRC="E0A3A9B5" Path="assets/textures/shared/Bmori1_room_0Tex_005CC8"/>
    <Texture CRC="E64F5E65" Path="assets/textures/shared/Bmori1_room_0Tex_0088C8"/>
    <Texture CRC="15C10EF9" Path="assets/textures/shared/Bmori1_room_0Tex_00C2C8"/>
    <Texture CRC="1BCC4F3E" Path="assets/textures/shared/Bmori1_room_17Tex_0088B8"/>
    <Texture CRC="0FFF410A" Path="assets/textures/shared/ddan_room_0Tex_011898"/>
    <Texture CRC="1410F5ED" Path="assets/textures/shared/ddan_room_0Tex_015C98"/>
    <Texture CRC="E6F457E5" Path="assets/textures/shared/ddan_room_0Tex_017898"/>
    <Texture CRC="FAB44CE6" Path="assets/textures/shared/ganon_room_0Tex_0076D0"/>
    <Texture CRC="E377EBF4" Path="assets/textures/shared/ganon_room_1Tex_006770"/>
    <Texture CRC="064B271A" Path="assets/textures/shared/ganon_room_6Tex_008B00"/>
    <Texture CRC="F4FC78F4" Path="assets/textures/shared/ganontika_room_0Tex_007EF8"/>
    <Texture CRC="F1F2F1FA" Path="assets/textures/shared/ganontika_room_12Tex_008660"/>
    <Texture CRC="1DA32295" Path="assets/textures/shared/ganontika_room_1Tex_0119C0"/>
    <Texture CRC="F19BC15B" Path="assets/textures/shared/ganontika_room_2Tex_004FD8"/>
    <Texture CRC="160FC921" Path="assets/textures/shared/ganontika_room_6Tex_00CC90"/>
    <Texture CRC="16601E00" Path="assets/textures/shared/ganontika_room_9Tex_00A888"/>
    <Texture CRC="0A0235AF" Path="assets/textures/shared/ganon_demo_sceneTex_008870"/>
    <Texture CRC="1B4711F7" Path="assets/textures/shared/gerudoway_room_0Tex_002FB0"/>
    <Texture CRC="0176FF24" Path="assets/textures/shared/gerudoway_room_1Tex_005B10"/>
    <Texture CRC="0B5B2427" Path="assets/textures/shared/HIDAN_room_10Tex_017898"/>
    <Texture CRC="0EDFD923" Path="assets/textures/shared/HIDAN_room_1Tex_00B5E0"/>
    <Texture CRC="E71EBF7C" Path="assets/textures/shared/ice_doukutu_room_2Tex_002720"/>
    <Texture CRC="F2D8CCC3" Path="assets/textures/shared/jyasinboss_room_1Tex_005638"/>
    <Texture CRC="E517951C" Path="assets/textures/shared/jyasinzou_room_13Tex_004448"/>
    <Texture CRC="F3796950" Path="assets/textures/shared/jyasinzou_room_14Tex_003090"/>
    <Texture CRC="FB1AAEE8" Path="assets/textures/shared/jyasinzou_room_15Tex_004BB8"/>
    <Texture CRC="F9FA965A" Path="assets/textures/shared/jyasinzou_room_16Tex_004188"/>
    <Texture CRC="0C21F5B9" Path="assets/textures/shared/jyasinzou_room_1Tex_006AF8"/>
    <Texture CRC="F81085E7" Path="assets/textures/shared/men_room_0Tex_00B538"/>
    <Texture CRC="06DDD075" Path="assets/textures/shared/men_room_0Tex_00DD38"/>
    <Texture CRC="FD93304A" Path="assets/textures/shared/men_room_10Tex_002458"/>
    <Texture CRC="EB85EB44" Path="assets/textures/shared/MIZUsin_room_0Tex_00DE48"/>
    <Texture CRC="0A52B296" Path="assets/textures/shared/MIZUsin_room_0Tex_00E648"/>
    <Texture CRC="03335399" Path="assets/textures/shared/MIZUsin_room_12Tex_003928"/>
    <Texture CRC="15339444" Path="assets/textures/shared/MIZUsin_room_14Tex_005660"/>
    <Texture CRC="EC94487D" Path="assets/textures/shared/ydan_room_0Tex_00B560"/>
    <Texture CRC="E526D720" Path="assets/textures/shared/ydan_room_0Tex_00C560"/>
    <Texture CRC="EE2A311A" Path="assets/textures/shared/ydan_room_0Tex_00D560"/>
    <Texture CRC="F258216F" Path="assets/textures/shared/ydan_room_3Tex_00A8B0"/>
    <Texture CRC="F995FF42" Path="assets/textures/shared/bowling_sceneTex_004720"/>
    <Texture CRC="1580830E" Path="assets/textures/shared/daiyousei_izumi_sceneTex_00C000"/>
    <Texture CRC="FB7677CD" Path="assets/textures/shared/daiyousei_izumi_sceneTex_00C800"/>
    <Texture CRC="EC5691BA" Path="assets/textures/shared/daiyousei_izumi_sceneTex_00D800"/>
    <Texture CRC="EFB16917" Path="assets/textures/shared/hairal_niwa_sceneTex_004B90"/>
    <Texture CRC="0A735ADC" Path="assets/textures/shared/hairal_niwa_sceneTex_005390"/>
    <Texture CRC="F812EC23" Path="assets/textures/shared/hairal_niwa_sceneTex_007B90"/>
    <Texture CRC="043CE192" Path="assets/textures/shared/hairal_niwa_sceneTex_009390"/>
    <Texture CRC="16CC49E3" Path="assets/textures/shared/hairal_niwa_sceneTex_00EB90"/>
    <Texture CRC="15F37497" Path="assets/textures/shared/hairal_niwa_sceneTex_00F390"/>
    <Texture CRC="E1CDE090" Path="assets/textures/shared/hakasitarelay_room_0Tex_003448"/>
    <Texture CRC="0C3C11BD" Path="assets/textures/shared/hakasitarelay_room_0Tex_005448"/>
    <Texture CRC="02DBC410" Path="assets/textures/shared/hakasitarelay_room_0Tex_005848"/>
    <Texture CRC="15641343" Path="assets/textures/shared/hakasitarelay_room_1Tex_006320"/>
    <Texture CRC="1B57EF18" Path="assets/textures/shared/hakasitarelay_room_2Tex_006CA8"/>
    <Texture CRC="09603C55" Path="assets/textures/shared/hakasitarelay_sceneTex_00D880"/>
    <Texture CRC="1B8179C3" Path="assets/textures/shared/hylia_labo_sceneTex_008590"/>
    <Texture CRC="F41C6BA8" Path="assets/textures/shared/hylia_labo_sceneTex_009990"/>
    <Texture CRC="ED602894" Path="assets/textures/shared/kakusiana_room_0Tex_005AA0"/>
    <Texture CRC="1414C410" Path="assets/textures/shared/kakusiana_room_11Tex_004048"/>
    <Texture CRC="1EF67D5E" Path="assets/textures/shared/spot00_sceneTex_01F818"/>
    <Texture CRC="E9A72C25" Path="assets/textures/shared/night_entrance"/>
    <Texture CRC="0805B7BD" Path="assets/textures/shared/spot10_room_1Tex_004FA0"/>
    <Texture CRC="1147203B" Path="assets/textures/shared/spot18_room_0Tex_009960"/>
    <Texture CRC="09CDB0D6" Path="assets/textures/shared/pause_save_1_1"/>
    <Texture CRC="F41C8814" Path="assets/textures/shared/gameplay_dangeon_keepTex_000000"/>
    <Texture CRC="F62DF8AC" Path="assets/textures/shared/field_door_knob_upper"/>
    <Texture CRC="EDCD2438" Path="assets/textures/shared/eff_unknown_10"/>
    <Texture CRC="19D3C674" Path="assets/textures/shared/eff_unknown_8"/>
    <Texture CRC="E92D820F" Path="assets/textures/shared/biri_outer_hood"/>
    <Texture CRC="1FDE7D92" Path="assets/textures/shared/object_blkobjTex_009890"/>
    <Texture CRC="11C993FD" Path="assets/textures/shared/object_blkobjTex_00C890"/>
    <Texture CRC="F9B0AE51" Path="assets/textures/shared/bowling_stone_wall"/>
    <Texture CRC="FEF48320" Path="assets/textures/shared/object_bvTex_008F88"/>
    <Texture CRC="E74E736D" Path="assets/textures/shared/tex_00002640"/>
    <Texture CRC="1E4711B1" Path="assets/textures/shared/tex_000010D0"/>
    <Texture CRC="EA0E81C8" Path="assets/textures/shared/object_demo_kekkaiTex_006140"/>
    <Texture CRC="F4D9D35C" Path="assets/textures/shared/object_demo_kekkaiTex_007DB0"/>
    <Texture CRC="FA474623" Path="assets/textures/shared/object_dnsTex_002F20"/>
    <Texture CRC="03A97838" Path="assets/textures/shared/tex_00000800"/>
    <Texture CRC="1C29E4A3" Path="assets/textures/shared/object_fdTex_0050A8"/>
    <Texture CRC="FE05DC4E" Path="assets/textures/shared/object_fhgTex_004DA0"/>
    <Texture CRC="E767A558" Path="assets/textures/shared/tex_00008570"/>
    <Texture CRC="1B0E9FE6" Path="assets/textures/shared/tex_00008630"/>
    <Texture CRC="F2165B27" Path="assets/textures/shared/tex_00008D30"/>
    <Texture CRC="1BF0EDA3" Path="assets/textures/shared/tex_000091B0"/>
    <Texture CRC="0F0AD674" Path="assets/textures/shared/tex_00009E20"/>
    <Texture CRC="1E912266" Path="assets/textures/shared/tex_0000A020"/>
    <Texture CRC="E0FAC473" Path="assets/textures/shared/tex_0000A260"/>
    <Texture CRC="EC4ED225" Path="assets/textures/shared/object_geldbTex_002880"/>
    <Texture CRC="EF58D91D" Path="assets/textures/shared/object_geldbTex_002B80"/>
    <Texture CRC="F2AA7BB5" Path="assets/textures/shared/grass"/>
    <Texture CRC="1C4EC8A1" Path="assets/textures/shared/blood_splatter"/>
    <Texture CRC="1B21DD4A" Path="assets/textures/shared/tex_000173F0"/>
    <Texture CRC="F27781B5" Path="assets/textures/shared/object_hidan_objectsTex_001A40"/>
    <Texture CRC="0FEFAAB6" Path="assets/textures/shared/object_hidan_objectsTex_003A40"/>
    <Texture CRC="13FDA83C" Path="assets/textures/shared/object_hidan_objectsTex_004A40"/>
    <Texture CRC="035A45AE" Path="assets/textures/shared/tex_00003150"/>
    <Texture CRC="E6F3F1FD" Path="assets/textures/shared/cobra_tooth"/>
    <Texture CRC="F2034104" Path="assets/textures/shared/mirror_gradient"/>
    <Texture CRC="1ECE2D10" Path="assets/textures/shared/gtg_rotating_ring_platform_inner_circle"/>
    <Texture CRC="17448599" Path="assets/textures/shared/object_mizu_objectsTex_009520"/>
    <Texture CRC="F8AF4212" Path="assets/textures/shared/twisted_hall_carpet"/>
    <Texture CRC="EAAD42ED" Path="assets/textures/shared/metal_body"/>
    <Texture CRC="F6673280" Path="assets/textures/shared/tex_000016A8"/>
    <Texture CRC="FB55D32F" Path="assets/textures/shared/tex_00005E48"/>
    <Texture CRC="1C960FEB" Path="assets/textures/shared/tex_00006688"/>
    <Texture CRC="140B02AD" Path="assets/textures/shared/tex_00001D90"/>
    <Texture CRC="041873FA" Path="assets/textures/shared/tex_00001F70"/>
    <Texture CRC="0225074D" Path="assets/textures/shared/tex_00001FB0"/>
    <Texture CRC="1E7E2033" Path="assets/textures/shared/tex_000020B0"/>
    <Texture CRC="F1D5B861" Path="assets/textures/shared/tlut_00001D70"/>
    <Texture CRC="0CB197B9" Path="assets/textures/shared/object_pohTex_003010"/>
    <Texture CRC="EABA3AA1" Path="assets/textures/shared/tex_00013820"/>
    <Texture CRC="1E269341" Path="assets/textures/shared/object_spot09_objTex_00B490"/>
    <Texture CRC="1B2A1991" Path="assets/textures/shared/torch_flame_guard"/>
    <Texture CRC="E761B6AC" Path="assets/textures/shared/bdan_room_14Tex_0045D8"/>
    <Texture CRC="0D210C87" Path="assets/textures/shared/bdan_room_14Tex_004DD8"/>
    <Texture CRC="0A940608" Path="assets/textures/shared/bdan_room_2Tex_006DC8"/>
    <Texture CRC="FF71874B" Path="assets/textures/shared/Bmori1_room_0Tex_00C0C8"/>
    <Texture CRC="E38C7D5F" Path="assets/textures/shared/Bmori1_room_10Tex_001A50"/>
    <Texture CRC="0E15A329" Path="assets/textures/shared/Bmori1_room_10Tex_004BC8"/>
    <Texture CRC="043639A2" Path="assets/textures/shared/Bmori1_room_11Tex_008118"/>
    <Texture CRC="13386815" Path="assets/textures/shared/Bmori1_room_17Tex_0080B8"/>
    <Texture CRC="102D8CFF" Path="assets/textures/shared/Bmori1_room_7Tex_008560"/>
    <Texture CRC="16525216" Path="assets/textures/shared/Bmori1_room_7Tex_009160"/>
    <Texture CRC="19351714" Path="assets/textures/shared/Bmori1_room_7Tex_009D60"/>
    <Texture CRC="E2231A4E" Path="assets/textures/shared/Bmori1_room_7Tex_00A560"/>
    <Texture CRC="FE12C8B7" Path="assets/textures/shared/Bmori1_room_7Tex_00B560"/>
    <Texture CRC="F553680E" Path="assets/textures/shared/Bmori1_room_7Tex_011768"/>
    <Texture CRC="E358CE7D" Path="assets/textures/shared/ddan_room_0Tex_011C98"/>
    <Texture CRC="FE4D9245" Path="assets/textures/shared/ddan_room_0Tex_015498"/>
    <Texture CRC="1B63F7AB" Path="assets/textures/shared/ddan_room_0TLUT_011290"/>
    <Texture CRC="0042824F" Path="assets/textures/shared/ddan_room_10Tex_002A50"/>
    <Texture CRC="F01A4518" Path="assets/textures/shared/ddan_room_10Tex_002E50"/>
    <Texture CRC="08882A33" Path="assets/textures/shared/ddan_room_10Tex_003650"/>
    <Texture CRC="EBB48258" Path="assets/textures/shared/ddan_room_10Tex_003A50"/>
    <Texture CRC="E87EC430" Path="assets/textures/shared/ddan_room_10Tex_004250"/>
    <Texture CRC="0CCFACB3" Path="assets/textures/shared/ddan_room_10Tex_004650"/>
    <Texture CRC="FEA06378" Path="assets/textures/shared/ddan_room_3Tex_00D5B8"/>
    <Texture CRC="F8E8F33E" Path="assets/textures/shared/FIRE_bs_room_1Tex_0065D8"/>
    <Texture CRC="EF1C9597" Path="assets/textures/shared/ganon_room_0Tex_007068"/>
    <Texture CRC="E60DFE8F" Path="assets/textures/shared/ganon_room_5Tex_006308"/>
    <Texture CRC="0E142D1D" Path="assets/textures/shared/ganon_room_6Tex_008200"/>
    <Texture CRC="FAAD8F7E" Path="assets/textures/shared/ganon_room_8Tex_004A20"/>
    <Texture CRC="E73C495F" Path="assets/textures/shared/ganontika_room_12Tex_008260"/>
    <Texture CRC="F7DA24EF" Path="assets/textures/shared/ganontika_room_17Tex_002A98"/>
    <Texture CRC="F733905C" Path="assets/textures/shared/ganontika_room_17Tex_002E98"/>
    <Texture CRC="E0D329EA" Path="assets/textures/shared/ganontika_room_17Tex_003E98"/>
    <Texture CRC="FA9DCD71" Path="assets/textures/shared/ganontika_room_17Tex_004E98"/>
    <Texture CRC="E610FE82" Path="assets/textures/shared/ganontika_room_6Tex_00CA90"/>
    <Texture CRC="1BC21D2A" Path="assets/textures/shared/ganon_demo_sceneTex_007370"/>
    <Texture CRC="1ED26725" Path="assets/textures/shared/ganon_sonogo_room_0Tex_005820"/>
    <Texture CRC="E3C4E5C4" Path="assets/textures/shared/ganon_sonogo_room_0Tex_007020"/>
    <Texture CRC="111EF595" Path="assets/textures/shared/ganon_sonogo_room_0Tex_007420"/>
    <Texture CRC="1778E2AD" Path="assets/textures/shared/ganon_sonogo_room_0Tex_007820"/>
    <Texture CRC="EB105C4F" Path="assets/textures/shared/gerudoway_room_0Tex_003FB0"/>
    <Texture CRC="F81CD64C" Path="assets/textures/shared/HAKAdan_room_0Tex_0091A0"/>
    <Texture CRC="14C7DE24" Path="assets/textures/shared/HAKAdan_room_10Tex_004FA0"/>
    <Texture CRC="1E27F99A" Path="assets/textures/shared/HAKAdan_room_21Tex_008700"/>
    <Texture CRC="E1E22A3C" Path="assets/textures/shared/HIDAN_room_0Tex_0056C0"/>
    <Texture CRC="EB48A97D" Path="assets/textures/shared/HIDAN_room_1Tex_0087E0"/>
    <Texture CRC="1AE75412" Path="assets/textures/shared/HIDAN_room_1Tex_00A5E0"/>
    <Texture CRC="177FA69E" Path="assets/textures/shared/jyasinboss_room_1TLUT_002E18"/>
    <Texture CRC="064E5E5B" Path="assets/textures/shared/jyasinzou_room_0Tex_00C128"/>
    <Texture CRC="150A7E2B" Path="assets/textures/shared/jyasinzou_room_10Tex_005DA0"/>
    <Texture CRC="F5CA5751" Path="assets/textures/shared/jyasinzou_room_10Tex_0065A0"/>
    <Texture CRC="1F4EADD6" Path="assets/textures/shared/jyasinzou_room_23Tex_0043B8"/>
    <Texture CRC="F7B3B208" Path="assets/textures/shared/jyasinzou_room_25Tex_00DE68"/>
    <Texture CRC="ED9D7B96" Path="assets/textures/shared/men_room_0Tex_00D538"/>
    <Texture CRC="FE977548" Path="assets/textures/shared/men_room_0Tex_00F538"/>
    <Texture CRC="076C7EC4" Path="assets/textures/shared/men_room_10Tex_003C58"/>
    <Texture CRC="E5D97CAC" Path="assets/textures/shared/MIZUsin_room_0Tex_00D648"/>
    <Texture CRC="F1A0303A" Path="assets/textures/shared/MIZUsin_room_5Tex_0039F8"/>
    <Texture CRC="F5965311" Path="assets/textures/shared/MIZUsin_room_5Tex_0041F8"/>
    <Texture CRC="02B97BC3" Path="assets/textures/shared/ydan_room_0Tex_00A160"/>
    <Texture CRC="F8D10B0D" Path="assets/textures/shared/ydan_room_0Tex_013EE8"/>
    <Texture CRC="E7A1CC7A" Path="assets/textures/shared/ydan_room_3Tex_00B0B0"/>
    <Texture CRC="EEF48CE3" Path="assets/textures/shared/hairal_niwa_sceneTex_003B90"/>
    <Texture CRC="0B474C52" Path="assets/textures/shared/hairal_niwa_sceneTex_006390"/>
    <Texture CRC="EA0E143E" Path="assets/textures/shared/hairal_niwa_sceneTex_00BB90"/>
    <Texture CRC="1E1C7796" Path="assets/textures/shared/hairal_niwa_sceneTex_010390"/>
    <Texture CRC="1CCCEC26" Path="assets/textures/shared/hakasitarelay_room_0Tex_003248"/>
    <Texture CRC="18478671" Path="assets/textures/shared/hakasitarelay_room_1Tex_003F20"/>
    <Texture CRC="14D633FC" Path="assets/textures/shared/hakasitarelay_room_1Tex_004320"/>
    <Texture CRC="06696BA3" Path="assets/textures/shared/hakasitarelay_room_5Tex_002448"/>
    <Texture CRC="F1A45E44" Path="assets/textures/shared/hakasitarelay_room_5TLUT_001C28"/>
    <Texture CRC="FF4F05A2" Path="assets/textures/shared/hylia_labo_sceneTex_006090"/>
    <Texture CRC="E3528291" Path="assets/textures/shared/hylia_labo_sceneTex_009790"/>
    <Texture CRC="E77B7076" Path="assets/textures/shared/hylia_labo_sceneTex_00B090"/>
    <Texture CRC="FAE07674" Path="assets/textures/shared/syatekijyou_sceneTex_00B0C0"/>
    <Texture CRC="FE505C1C" Path="assets/textures/shared/tokinoma_sceneTex_00CFA0"/>
    <Texture CRC="EDC94CC5" Path="assets/textures/shared/yousei_izumi_tate_sceneTex_005010"/>
    <Texture CRC="097C6E09" Path="assets/textures/shared/hakaana_room_0Tex_004658"/>
    <Texture CRC="F736B046" Path="assets/textures/shared/hakaana2_sceneTex_005090"/>
    <Texture CRC="0A0840F8" Path="assets/textures/shared/hakaana_ouke_room_0Tex_008FF8"/>
    <Texture CRC="F6B480C2" Path="assets/textures/shared/kakusiana_room_0Tex_0032A0"/>
    <Texture CRC="0F7107B9" Path="assets/textures/shared/kakusiana_room_10Tex_002BE0"/>
    <Texture CRC="00E1272F" Path="assets/textures/shared/kakusiana_room_11Tex_002848"/>
    <Texture CRC="FE06E141" Path="assets/textures/shared/kakusiana_room_13Tex_004EC8"/>
    <Texture CRC="FA36B5B5" Path="assets/textures/shared/kakusiana_room_13Tex_005EC8"/>
    <Texture CRC="140B5908" Path="assets/textures/shared/kinsuta_room_0Tex_007910"/>
    <Texture CRC="F731A2AE" Path="assets/textures/shared/souko_room_2Tex_006AE0"/>
    <Texture CRC="05E13866" Path="assets/textures/shared/spot00_sceneTex_025018"/>
    <Texture CRC="E2BB150D" Path="assets/textures/shared/spot00_sceneTex_026098"/>
    <Texture CRC="FB3AB864" Path="assets/textures/shared/spot02_room_1Tex_01C690"/>
    <Texture CRC="FE2A9339" Path="assets/textures/shared/spot03_sceneTex_007558"/>
    <Texture CRC="E1E08BB8" Path="assets/textures/shared/spot07_room_1Tex_00A3D8"/>
    <Texture CRC="F9602353" Path="assets/textures/shared/spot11_sceneTex_0104E0"/>
    <Texture CRC="06C34E89" Path="assets/textures/shared/spot11_sceneTex_0184E0"/>
    <Texture CRC="18A4B8DC" Path="assets/textures/shared/spot18_room_0Tex_005960"/>
    <Texture CRC="0531CE00" Path="assets/textures/shared/spot18_room_0Tex_006960"/>
    <Texture CRC="082100CB" Path="assets/textures/shared/spot18_room_0Tex_008160"/>
    <Texture CRC="E27F3E02" Path="assets/textures/shared/spot18_room_0Tex_008960"/>
    <Texture CRC="0204DD7E" Path="assets/textures/shared/spot18_room_0Tex_009160"/>
    <Texture CRC="FE314AB1" Path="assets/textures/shared/spot18_room_0Tex_00A160"/>
    <Texture CRC="1C5E4A08" Path="assets/textures/shared/spot18_room_0Tex_00A960"/>
    <Texture CRC="13BEE958" Path="assets/textures/shared/spot18_room_0Tex_00B160"/>
    <Texture CRC="F29CE795" Path="assets/textures/shared/spot18_room_0Tex_00B960"/>
    <Texture CRC="1F8F607F" Path="assets/textures/shared/spot18_room_0Tex_00C160"/>
    <Texture CRC="EF3A03C7" Path="assets/textures/shared/spot18_room_0Tex_00DFC8"/>
    <Texture CRC="EA1D8AA9" Path="assets/textures/shared/spot18_room_0Tex_00EFC8"/>
    <Texture CRC="F35E3461" Path="assets/textures/shared/spot18_room_0Tex_0107C8"/>
    <Texture CRC="F654A517" Path="assets/textures/shared/spot18_room_0Tex_0117C8"/>
    <Texture CRC="08F3B683" Path="assets/textures/shared/navi_unused_eng"/>
    <Texture CRC="1B042EA2" Path="assets/textures/shared/num_1_eng"/>
    <Texture CRC="FCC147EE" Path="assets/textures/shared/num_2_eng"/>
    <Texture CRC="1BB7390D" Path="assets/textures/shared/num_3_eng"/>
    <Texture CRC="1F1D58A1" Path="assets/textures/shared/num_4_eng"/>
    <Texture CRC="EA5CE053" Path="assets/textures/shared/num_5_eng"/>
    <Texture CRC="136F14C1" Path="assets/textures/shared/num_6_eng"/>
    <Texture CRC="06307BDC" Path="assets/textures/shared/num_8_eng"/>
    <Texture CRC="085D7D37" Path="assets/textures/shared/fire_medallion_item_name_unused_jpn_1"/>
    <Texture CRC="1B0FF238" Path="assets/textures/shared/ice_medallion_item_name_unused_jpn_1"/>
    <Texture CRC="ED2E3FA1" Path="assets/textures/shared/piece_of_heart_item_name_unused_jpn_1"/>
    <Texture CRC="1F18A8B3" Path="assets/textures/shared/wind_medallion_item_name_unused_jpn_1"/>
    <Texture CRC="025DF39F" Path="assets/textures/shared/deku_tree_pause_screen_map_basement_2_left"/>
    <Texture CRC="0B27BD0E" Path="assets/textures/shared/fire_temple_room_11_floor_3_minimap"/>
    <Texture CRC="07274951" Path="assets/textures/shared/jabu_room_11_minimap"/>
    <Texture CRC="F928A833" Path="assets/textures/shared/dungeon_keep_tex_00F0A0"/>
    <Texture CRC="1200E6E6" Path="assets/textures/shared/gameplay_dangeon_keepTex_0108A0"/>
    <Texture CRC="0DF1B902" Path="assets/textures/shared/gameplay_dangeon_keepTex_0118A0"/>
    <Texture CRC="1FC352FB" Path="assets/textures/shared/gameplay_dangeon_keepTex_011AA0"/>
    <Texture CRC="ECF41E88" Path="assets/textures/shared/bomb_cap"/>
    <Texture CRC="F1BAB6BD" Path="assets/textures/shared/eff_fire"/>
    <Texture CRC="0DB371B0" Path="assets/textures/shared/eff_fleck"/>
    <Texture CRC="EBF6984E" Path="assets/textures/shared/eff_hit_mark_8"/>
    <Texture CRC="E010DCDC" Path="assets/textures/shared/eff_unknown_11"/>
    <Texture CRC="F01FE9BF" Path="assets/textures/shared/eff_unknown_6"/>
    <Texture CRC="1BFF3C77" Path="assets/textures/shared/hilite_4"/>
    <Texture CRC="019C59D3" Path="assets/textures/shared/unknown_circle_6"/>
    <Texture CRC="13369F31" Path="assets/textures/shared/unknown_stone_1"/>
    <Texture CRC="F807D37A" Path="assets/textures/shared/withered_leaf"/>
    <Texture CRC="0FE1897F" Path="assets/textures/shared/roof_man_trouser_pattern"/>
    <Texture CRC="0DD9E65B" Path="assets/textures/shared/object_anubiceTex_0036A0"/>
    <Texture CRC="FB2A77D8" Path="assets/textures/shared/tex_000014A0"/>
    <Texture CRC="E9CDB700" Path="assets/textures/shared/tex_000015C0"/>
    <Texture CRC="13328ED0" Path="assets/textures/shared/jabu_objects_11_tlut"/>
    <Texture CRC="02148FD1" Path="assets/textures/shared/jabu_objects_tex_00006748"/>
    <Texture CRC="1C7F411C" Path="assets/textures/shared/jabu_objects_tex_00006B48"/>
    <Texture CRC="185E9456" Path="assets/textures/shared/jabu_objects_tex_00007348"/>
    <Texture CRC="FD55F6CE" Path="assets/textures/shared/tex_00005D90"/>
    <Texture CRC="F82BD47D" Path="assets/textures/shared/tex_00005E90"/>
    <Texture CRC="0A90E8A9" Path="assets/textures/shared/object_blkobjTex_00E890"/>
    <Texture CRC="F0FF55E7" Path="assets/textures/shared/object_blkobjTex_00F890"/>
    <Texture CRC="E51D3728" Path="assets/textures/shared/object_blkobjTex_010890"/>
    <Texture CRC="F5DA5F73" Path="assets/textures/shared/object_blkobjTex_011090"/>
    <Texture CRC="F8A3D71A" Path="assets/textures/shared/object_blkobjTex_011890"/>
    <Texture CRC="E4CADD69" Path="assets/textures/shared/tex_0000093C"/>
    <Texture CRC="01ADC943" Path="assets/textures/shared/bowling_stripes"/>
    <Texture CRC="0F544DB7" Path="assets/textures/shared/bowling_wood_panel"/>
    <Texture CRC="113583CB" Path="assets/textures/shared/chest_front"/>
    <Texture CRC="F1A2C69C" Path="assets/textures/shared/side_and_top"/>
    <Texture CRC="19F1F86B" Path="assets/textures/shared/bubble"/>
    <Texture CRC="FD8CBFB5" Path="assets/textures/shared/object_bvTex_000A40"/>
    <Texture CRC="E698AB0D" Path="assets/textures/shared/tex_00001440"/>
    <Texture CRC="E3010489" Path="assets/textures/shared/door_bars_bottom"/>
    <Texture CRC="0227663A" Path="assets/textures/shared/falling_stairs_vines"/>
    <Texture CRC="F13DA5C6" Path="assets/textures/shared/tex_6F60"/>
    <Texture CRC="F5AAEE8F" Path="assets/textures/shared/eye"/>
    <Texture CRC="012D961E" Path="assets/textures/shared/object_demo_kekkaiTex_003EA0"/>
    <Texture CRC="0E1AAE61" Path="assets/textures/shared/object_demo_kekkaiTex_0092D0"/>
    <Texture CRC="0595CE57" Path="assets/textures/shared/object_demo_kekkaiTex_00C8B0"/>
    <Texture CRC="F5B75EE0" Path="assets/textures/shared/dnt_stage_eye_half"/>
    <Texture CRC="1C09ADB5" Path="assets/textures/shared/dnt_stage_eye_open"/>
    <Texture CRC="FC2D69AF" Path="assets/textures/shared/dnt_stage_eye_shut"/>
    <Texture CRC="00D41621" Path="assets/textures/shared/object_dnsTex_002CA0"/>
    <Texture CRC="048BB86F" Path="assets/textures/shared/object_dnsTex_002FA0"/>
    <Texture CRC="F41C90BC" Path="assets/textures/shared/face"/>
    <Texture CRC="FB823B8C" Path="assets/textures/shared/tooth"/>
    <Texture CRC="183D598F" Path="assets/textures/shared/tex_00000390"/>
    <Texture CRC="F059FBC4" Path="assets/textures/shared/crystal_light"/>
    <Texture CRC="0F17154F" Path="assets/textures/shared/cloud_normal"/>
    <Texture CRC="F4FA1662" Path="assets/textures/shared/enlivening_light"/>
    <Texture CRC="F287124B" Path="assets/textures/shared/object_fdTex_0040A8"/>
    <Texture CRC="0C795B93" Path="assets/textures/shared/object_fdTex_0048A8"/>
    <Texture CRC="E6C9623B" Path="assets/textures/shared/object_fdTex_0052A8"/>
    <Texture CRC="E7BD11F6" Path="assets/textures/shared/object_fdTex_0054A8"/>
    <Texture CRC="0CF9DE4C" Path="assets/textures/shared/object_fdTex_005B60"/>
    <Texture CRC="F4742896" Path="assets/textures/shared/object_fdTex_005F60"/>
    <Texture CRC="EFDCEEAC" Path="assets/textures/shared/object_fdTex_009208"/>
    <Texture CRC="EB468291" Path="assets/textures/shared/object_fdTLUT_0032A8"/>
    <Texture CRC="136C6B3F" Path="assets/textures/shared/volvagia_eye_closed"/>
    <Texture CRC="F7A991C6" Path="assets/textures/shared/volvagia_eye_half"/>
    <Texture CRC="1C8D0382" Path="assets/textures/shared/volvagia_eye_open"/>
    <Texture CRC="EBCDC470" Path="assets/textures/shared/object_fhgTex_003320"/>
    <Texture CRC="F9B3E8F8" Path="assets/textures/shared/object_fhgTex_003520"/>
    <Texture CRC="FC667630" Path="assets/textures/shared/object_fhgTex_003720"/>
    <Texture CRC="032BD3FF" Path="assets/textures/shared/object_fhgTex_003920"/>
    <Texture CRC="F8B6C1AC" Path="assets/textures/shared/object_fhgTex_003B20"/>
    <Texture CRC="E39BEDB7" Path="assets/textures/shared/object_fhgTex_003BA0"/>
    <Texture CRC="139A8DDE" Path="assets/textures/shared/object_fhgTex_003DA0"/>
    <Texture CRC="E0F76E96" Path="assets/textures/shared/object_fhgTex_003FA0"/>
    <Texture CRC="E2308C38" Path="assets/textures/shared/object_fhgTex_0043A0"/>
    <Texture CRC="F16C5CE7" Path="assets/textures/shared/object_fhgTex_0044A0"/>
    <Texture CRC="1DAA6D7D" Path="assets/textures/shared/object_fhgTex_004CA0"/>
    <Texture CRC="052C37A1" Path="assets/textures/shared/object_fhgTex_00D040"/>
    <Texture CRC="16ADB711" Path="assets/textures/shared/object_fhgTex_00D060"/>
    <Texture CRC="E4F62E11" Path="assets/textures/shared/fishing_aquarium_glass"/>
    <Texture CRC="F4E58988" Path="assets/textures/shared/fishing_rock"/>
    <Texture CRC="F38B45BE" Path="assets/textures/shared/fishing_stream_splash_tile_2"/>
    <Texture CRC="1EF4A4C7" Path="assets/textures/shared/tex_00007F10"/>
    <Texture CRC="EF4478AE" Path="assets/textures/shared/tex_00008190"/>
    <Texture CRC="1F9ED88C" Path="assets/textures/shared/tex_00009620"/>
    <Texture CRC="120D4CEB" Path="assets/textures/shared/tex_0001E588"/>
    <Texture CRC="1819C2E3" Path="assets/textures/shared/gerudo_white_eye_open"/>
    <Texture CRC="187F5A07" Path="assets/textures/shared/inside"/>
    <Texture CRC="F31B8EC6" Path="assets/textures/shared/outside"/>
    <Texture CRC="E170B720" Path="assets/textures/shared/object_geldbTex_002A80"/>
    <Texture CRC="F8726693" Path="assets/textures/shared/object_gi_ocarinaTex_000000"/>
    <Texture CRC="11CD9560" Path="assets/textures/shared/object_gi_purseTex_000000"/>
    <Texture CRC="11E41890" Path="assets/textures/shared/object_gjTex_003F20"/>
    <Texture CRC="0FDEEF63" Path="assets/textures/shared/object_gjTex_004F20"/>
    <Texture CRC="F027E6B8" Path="assets/textures/shared/object_gjTex_005F20"/>
    <Texture CRC="1807BC33" Path="assets/textures/shared/object_gjTex_006F20"/>
    <Texture CRC="0137C459" Path="assets/textures/shared/object_gjTex_007320"/>
    <Texture CRC="0785F8B5" Path="assets/textures/shared/object_gjTex_007720"/>
    <Texture CRC="F2B9D7ED" Path="assets/textures/shared/object_gjTex_007B20"/>
    <Texture CRC="EE2D9AD3" Path="assets/textures/shared/phantom_ganon_limb_tex_00AF00"/>
    <Texture CRC="F5D0FDB6" Path="assets/textures/shared/phantom_ganon_limb_tex_00B780"/>
    <Texture CRC="E6E23524" Path="assets/textures/shared/phantom_ganon_limb_tex_00C080"/>
    <Texture CRC="06D756C8" Path="assets/textures/shared/phantom_ganon_limb_tex_00C180"/>
    <Texture CRC="EB790765" Path="assets/textures/shared/phantom_ganon_limb_tex_00C200"/>
    <Texture CRC="0BDB84E9" Path="assets/textures/shared/object_gol_eye_white"/>
    <Texture CRC="0C43D535" Path="assets/textures/shared/flame_smoke"/>
    <Texture CRC="19A0E9DD" Path="assets/textures/shared/tomb"/>
    <Texture CRC="1B078B44" Path="assets/textures/shared/tex_000131F0"/>
    <Texture CRC="FB37D88F" Path="assets/textures/shared/tex_000145F0"/>
    <Texture CRC="12FEBA33" Path="assets/textures/shared/tex_0001C270"/>
    <Texture CRC="FA9405CB" Path="assets/textures/shared/flagpole_pole_tex"/>
    <Texture CRC="F633B54C" Path="assets/textures/shared/horse_ingo_feathering"/>
    <Texture CRC="1212D798" Path="assets/textures/shared/horse_ingo_mane"/>
    <Texture CRC="0BBCBBD1" Path="assets/textures/shared/horse_ingo_neck"/>
    <Texture CRC="E4AB09A4" Path="assets/textures/shared/horse_ingo_nose"/>
    <Texture CRC="155B34AF" Path="assets/textures/shared/horse_ingo_nostrils"/>
    <Texture CRC="1FDBCD04" Path="assets/textures/shared/horse_ingo_shoulder"/>
    <Texture CRC="140B07C2" Path="assets/textures/shared/horse_ingo_thigh"/>
    <Texture CRC="0E751A83" Path="assets/textures/shared/epona_eye_closed"/>
    <Texture CRC="F7B57DC2" Path="assets/textures/shared/epona_eye_half"/>
    <Texture CRC="EC3997C9" Path="assets/textures/shared/epona_eye_open"/>
    <Texture CRC="E1917AE8" Path="assets/textures/shared/epona_eye_tlut"/>
    <Texture CRC="FCBE0C85" Path="assets/textures/shared/eyebrow_normal"/>
    <Texture CRC="E46E0EE9" Path="assets/textures/shared/eyebrow_sad"/>
    <Texture CRC="E0D54C1B" Path="assets/textures/shared/eyebrow_surprised"/>
    <Texture CRC="EDB600B6" Path="assets/textures/shared/eye_look_down_open"/>
    <Texture CRC="E6AF1F5A" Path="assets/textures/shared/eye_look_forward_closed"/>
    <Texture CRC="07357091" Path="assets/textures/shared/eye_look_forward_half"/>
    <Texture CRC="F4CB241D" Path="assets/textures/shared/eye_look_forward_open"/>
    <Texture CRC="EEE39B76" Path="assets/textures/shared/eye_look_left_half"/>
    <Texture CRC="E6F6BA5D" Path="assets/textures/shared/eye_look_left_half_2"/>
    <Texture CRC="F2FACFC8" Path="assets/textures/shared/eye_look_left_open"/>
    <Texture CRC="1FD0ECF4" Path="assets/textures/shared/eye_look_left_open_2"/>
    <Texture CRC="0143A162" Path="assets/textures/shared/eye_look_up_open"/>
    <Texture CRC="09078953" Path="assets/textures/shared/tex_00002950"/>
    <Texture CRC="FC6474FD" Path="assets/textures/shared/tex_00004950"/>
    <Texture CRC="F801B290" Path="assets/textures/shared/tex_00006D50"/>
    <Texture CRC="E5BD261B" Path="assets/textures/shared/tex_0113A0"/>
    <Texture CRC="FFEF0898" Path="assets/textures/shared/adult_era_eyebrow_edge"/>
    <Texture CRC="E08E20EF" Path="assets/textures/shared/basket"/>
    <Texture CRC="0A7077A5" Path="assets/textures/shared/basket_inside"/>
    <Texture CRC="0A1A35B0" Path="assets/textures/shared/pitchfork"/>
    <Texture CRC="1A9DA002" Path="assets/textures/shared/unused_eye"/>
    <Texture CRC="E707DAA5" Path="assets/textures/shared/cobra_mirror"/>
    <Texture CRC="E1D92905" Path="assets/textures/shared/megami_tlut_4"/>
    <Texture CRC="0171C9FC" Path="assets/textures/shared/object_jya_objTex_016140"/>
    <Texture CRC="1146FA9F" Path="assets/textures/shared/object_jya_objTex_01B740"/>
    <Texture CRC="0FBFEC52" Path="assets/textures/shared/tunic"/>
    <Texture CRC="1F01FD5F" Path="assets/textures/shared/goron_mask_mouth"/>
    <Texture CRC="1A624F3C" Path="assets/textures/shared/skull_mask_eye"/>
    <Texture CRC="E639932A" Path="assets/textures/shared/skull_mask_nose"/>
    <Texture CRC="045DCE7E" Path="assets/textures/shared/skull_mask_teeth"/>
    <Texture CRC="F899C923" Path="assets/textures/shared/zora_mask_eye"/>
    <Texture CRC="005CFA91" Path="assets/textures/shared/zora_mask_eye_boarder"/>
    <Texture CRC="EAA073A4" Path="assets/textures/shared/zora_mask_mouth"/>
    <Texture CRC="1014B94C" Path="assets/textures/shared/bowser"/>
    <Texture CRC="14316ABE" Path="assets/textures/shared/ear"/>
    <Texture CRC="E801DFF3" Path="assets/textures/shared/fingers"/>
    <Texture CRC="F60A069B" Path="assets/textures/shared/hair"/>
    <Texture CRC="13B967F5" Path="assets/textures/shared/hair_tlut"/>
    <Texture CRC="F3DC387D" Path="assets/textures/shared/skin_gradient"/>
    <Texture CRC="1AF86090" Path="assets/textures/shared/unk_circle"/>
    <Texture CRC="06A0C03B" Path="assets/textures/shared/seedling"/>
    <Texture CRC="FB6AD918" Path="assets/textures/shared/gtg_rotating_ring_platform_outer_circle"/>
    <Texture CRC="E7C20460" Path="assets/textures/shared/gtg_statue"/>
    <Texture CRC="10F378C1" Path="assets/textures/shared/object_mizu_objectsTex_009720"/>
    <Texture CRC="0E732A63" Path="assets/textures/shared/object_mizu_objectsTex_009920"/>
    <Texture CRC="E75A57B1" Path="assets/textures/shared/object_mizu_objectsTex_009B20"/>
    <Texture CRC="E2BAA950" Path="assets/textures/shared/object_mizu_objectsTex_009D20"/>
    <Texture CRC="124ED74F" Path="assets/textures/shared/side"/>
    <Texture CRC="1813B52A" Path="assets/textures/shared/stalfos_platform_side"/>
    <Texture CRC="1E93EE27" Path="assets/textures/shared/stalfos_platform_top"/>
    <Texture CRC="EBF8A4AD" Path="assets/textures/shared/twisted_hall_brick"/>
    <Texture CRC="E0917D9F" Path="assets/textures/shared/twisted_hall_design"/>
    <Texture CRC="13FDCE5A" Path="assets/textures/shared/tex_00000650"/>
    <Texture CRC="E7D33CD8" Path="assets/textures/shared/tex_2180"/>
    <Texture CRC="00FBCA3D" Path="assets/textures/shared/tex_00002770"/>
    <Texture CRC="0006AE17" Path="assets/textures/shared/tex_000027F0"/>
    <Texture CRC="038A2B56" Path="assets/textures/shared/tex_00002930"/>
    <Texture CRC="E1C4E71F" Path="assets/textures/shared/tex_00002D30"/>
    <Texture CRC="E21FF7CE" Path="assets/textures/shared/tex_00001570"/>
    <Texture CRC="FD50BCAB" Path="assets/textures/shared/tex_00004CB0"/>
    <Texture CRC="E3CDCA43" Path="assets/textures/shared/tex_00004A08"/>
    <Texture CRC="FF914E61" Path="assets/textures/shared/tex_00005808"/>
    <Texture CRC="E20931B8" Path="assets/textures/shared/tex_00005848"/>
    <Texture CRC="F2B987BA" Path="assets/textures/shared/tex_00005948"/>
    <Texture CRC="073D94EE" Path="assets/textures/shared/tex_00006648"/>
    <Texture CRC="E1B446AF" Path="assets/textures/shared/tex_00006708"/>
    <Texture CRC="E40F4D10" Path="assets/textures/shared/tex_000029B0"/>
    <Texture CRC="FDA245E8" Path="assets/textures/shared/tex_000031B0"/>
    <Texture CRC="E3A80AEA" Path="assets/textures/shared/tex_00006E60"/>
    <Texture CRC="FC019DD5" Path="assets/textures/shared/tex_00004BC8"/>
    <Texture CRC="02FFEFD5" Path="assets/textures/shared/tex_00004CC8"/>
    <Texture CRC="FFC0FAA2" Path="assets/textures/shared/tex_00004D48"/>
    <Texture CRC="E2F47DEE" Path="assets/textures/shared/tex_00004DC8"/>
    <Texture CRC="171C63B4" Path="assets/textures/shared/object_owlTLUT_006DA8"/>
    <Texture CRC="EE3630F0" Path="assets/textures/shared/object_pohTex_003910"/>
    <Texture CRC="0DABC1DA" Path="assets/textures/shared/object_pohTex_004F10"/>
    <Texture CRC="E5FD0A28" Path="assets/textures/shared/object_po_composerTex_001450"/>
    <Texture CRC="EF4412E4" Path="assets/textures/shared/big_poe_soul"/>
    <Texture CRC="EA9487C5" Path="assets/textures/shared/object_po_sistersTex_0082C0"/>
    <Texture CRC="0FFF96D2" Path="assets/textures/shared/object_psTex_001F78"/>
    <Texture CRC="FBBDDEA3" Path="assets/textures/shared/object_psTex_002178"/>
    <Texture CRC="046C7808" Path="assets/textures/shared/windmill_platform_2"/>
    <Texture CRC="19A6198D" Path="assets/textures/shared/tex_00000000"/>
    <Texture CRC="008CD893" Path="assets/textures/shared/stalfos_bone_detail"/>
    <Texture CRC="02743674" Path="assets/textures/shared/stalfos_eye_socket"/>
    <Texture CRC="F5B7A4E8" Path="assets/textures/shared/stalfos_nostril"/>
    <Texture CRC="E362D972" Path="assets/textures/shared/barbed_wire_fence"/>
    <Texture CRC="E1D1A4E5" Path="assets/textures/shared/tex_00000000"/>
    <Texture CRC="120FC71C" Path="assets/textures/shared/tex_00000CD0"/>
    <Texture CRC="165AEBCE" Path="assets/textures/shared/tex_00000EE0"/>
    <Texture CRC="F4C507F2" Path="assets/textures/shared/tex_00004930"/>
    <Texture CRC="1FE76F64" Path="assets/textures/shared/tlut_00000EC0"/>
    <Texture CRC="E66C6343" Path="assets/textures/shared/bombable_wall"/>
    <Texture CRC="17274055" Path="assets/textures/shared/bombable_wall_tlut"/>
    <Texture CRC="FFF0BE45" Path="assets/textures/shared/iceberg_side"/>
    <Texture CRC="E0DA021F" Path="assets/textures/shared/iceberg_tlut_1"/>
    <Texture CRC="03B714A1" Path="assets/textures/shared/object_spot09_objTex_00CC90"/>
    <Texture CRC="FB3D207E" Path="assets/textures/shared/object_spot09_objTex_013090"/>
    <Texture CRC="FE6E176E" Path="assets/textures/shared/object_spot09_objTex_014090"/>
    <Texture CRC="E5D71FA8" Path="assets/textures/shared/desert_colossus_oasis_water"/>
    <Texture CRC="F32E094B" Path="assets/textures/shared/rock_tex"/>
    <Texture CRC="1FC5A082" Path="assets/textures/shared/crater_rock"/>
    <Texture CRC="E24A95E5" Path="assets/textures/shared/tex_00000360"/>
    <Texture CRC="E298BE19" Path="assets/textures/shared/tex_000A30"/>
    <Texture CRC="09142C41" Path="assets/textures/shared/tex_000C30"/>
    <Texture CRC="FA88D2AE" Path="assets/textures/shared/tex_002DC0"/>
    <Texture CRC="104A3A15" Path="assets/textures/shared/tex_0035C0"/>
    <Texture CRC="E3F7787B" Path="assets/textures/shared/tex_0055C0"/>
    <Texture CRC="096DC6FA" Path="assets/textures/shared/tex_000078D8"/>
    <Texture CRC="12ABF7E4" Path="assets/textures/shared/tex_000080D8"/>
    <Texture CRC="15342705" Path="assets/textures/shared/tex_000082D8"/>
    <Texture CRC="EBBC47BE" Path="assets/textures/shared/tex_000084D8"/>
    <Texture CRC="1F4A182F" Path="assets/textures/shared/tex_000086D8"/>
    <Texture CRC="0955FF43" Path="assets/textures/shared/tex_00008AD8"/>
    <Texture CRC="F091DE25" Path="assets/textures/shared/tex_00008B58"/>
    <Texture CRC="EEDC8121" Path="assets/textures/shared/tex_00008B98"/>
    <Texture CRC="14157980" Path="assets/textures/shared/tex_00008D98"/>
    <Texture CRC="FCE55257" Path="assets/textures/shared/tex_00008DD8"/>
    <Texture CRC="16DF5B0E" Path="assets/textures/shared/tex_00008E58"/>
    <Texture CRC="09E8BCBA" Path="assets/textures/shared/tex_00008ED8"/>
    <Texture CRC="FBB42BE9" Path="assets/textures/shared/tex_000092D8"/>
    <Texture CRC="0AD02925" Path="assets/textures/shared/tex_00009458"/>
    <Texture CRC="F6CB0912" Path="assets/textures/shared/tex_00009498"/>
    <Texture CRC="0B37E721" Path="assets/textures/shared/tex_000094D8"/>
    <Texture CRC="074E3F53" Path="assets/textures/shared/tex_000098D8"/>
    <Texture CRC="E059933F" Path="assets/textures/shared/tex_0000C2D0"/>
    <Texture CRC="E7476112" Path="assets/textures/shared/tex_0000EA30"/>
    <Texture CRC="16A72FFA" Path="assets/textures/shared/tex_0000F230"/>
    <Texture CRC="FECF43DD" Path="assets/textures/shared/tex_000114A8"/>
    <Texture CRC="E44B8ECA" Path="assets/textures/shared/tlut_00007730"/>
    <Texture CRC="F0C1DC20" Path="assets/textures/shared/tex_00BA38"/>
    <Texture CRC="E6C06BA4" Path="assets/textures/shared/brick"/>
    <Texture CRC="07B1453C" Path="assets/textures/shared/wolfos_normal_nostril"/>
    <Texture CRC="0B6EBF87" Path="assets/textures/shared/back_of_hand"/>
    <Texture CRC="1F851EBC" Path="assets/textures/shared/blue_undershirt_gradient_1"/>
    <Texture CRC="EBF85021" Path="assets/textures/shared/blue_undershirt_gradient_2"/>
    <Texture CRC="E29A9DA3" Path="assets/textures/shared/boot"/>
    <Texture CRC="020ED164" Path="assets/textures/shared/boot_shaft"/>
    <Texture CRC="0B45B75D" Path="assets/textures/shared/hair"/>
    <Texture CRC="FAC9A306" Path="assets/textures/shared/pendant"/>
    <Texture CRC="0AD23E74" Path="assets/textures/shared/skin_gradient"/>
    <Texture CRC="F6D16BAA" Path="assets/textures/shared/ice_tex_1"/>
    <Texture CRC="E32C05B9" Path="assets/textures/shared/ovl_Boss_GanonTex_00E748"/>
    <Texture CRC="07F83D5D" Path="assets/textures/shared/ovl_Boss_GanonTex_01FFF8"/>
    <Texture CRC="FFDB3A20" Path="assets/textures/shared/bdan_room_1Tex_004CD0"/>
    <Texture CRC="E66ECCC5" Path="assets/textures/shared/bdan_room_2Tex_008DC8"/>
    <Texture CRC="09658910" Path="assets/textures/shared/bdan_room_4Tex_002A80"/>
    <Texture CRC="E0F4E7E2" Path="assets/textures/shared/bdan_room_4Tex_002E80"/>
    <Texture CRC="1D736F3D" Path="assets/textures/shared/bdan_room_4Tex_003680"/>
    <Texture CRC="122454CC" Path="assets/textures/shared/bdan_boss_room_0TLUT_001E38"/>
    <Texture CRC="149D94A9" Path="assets/textures/shared/Bmori1_room_0Tex_0084C8"/>
    <Texture CRC="E5FF0E61" Path="assets/textures/shared/Bmori1_room_10Tex_002250"/>
    <Texture CRC="FB250BBA" Path="assets/textures/shared/Bmori1_room_12Tex_004DF0"/>
    <Texture CRC="0C70CF5B" Path="assets/textures/shared/Bmori1_room_12Tex_0055F0"/>
    <Texture CRC="055E0FD2" Path="assets/textures/shared/Bmori1_room_12Tex_005DF0"/>
    <Texture CRC="FD68B889" Path="assets/textures/shared/Bmori1_room_15Tex_001290"/>
    <Texture CRC="FE6EC2FC" Path="assets/textures/shared/Bmori1_room_3Tex_0037E8"/>
    <Texture CRC="F7612ECC" Path="assets/textures/shared/Bmori1_room_3Tex_0038E8"/>
    <Texture CRC="1868B444" Path="assets/textures/shared/Bmori1_room_7Tex_007D60"/>
    <Texture CRC="EA698E6F" Path="assets/textures/shared/Bmori1_room_7Tex_008D60"/>
    <Texture CRC="FF382349" Path="assets/textures/shared/Bmori1_room_7Tex_009560"/>
    <Texture CRC="0E9B88C9" Path="assets/textures/shared/Bmori1_room_7Tex_00EF68"/>
    <Texture CRC="FFC7C0B0" Path="assets/textures/shared/Bmori1_room_7Tex_010F68"/>
    <Texture CRC="1BDC5AF4" Path="assets/textures/shared/night_entrance"/>
    <Texture CRC="0FADEF53" Path="assets/textures/shared/ddan_room_0Tex_016898"/>
    <Texture CRC="15CDC373" Path="assets/textures/shared/ddan_room_16Tex_002148"/>
    <Texture CRC="E6314100" Path="assets/textures/shared/ddan_room_16Tex_003948"/>
    <Texture CRC="ED19A083" Path="assets/textures/shared/ddan_room_2Tex_003A60"/>
    <Texture CRC="177A387B" Path="assets/textures/shared/ddan_room_7Tex_004EC8"/>
    <Texture CRC="16E7D8AD" Path="assets/textures/shared/ddan_room_7Tex_0056C8"/>
    <Texture CRC="F056905E" Path="assets/textures/shared/FIRE_bs_room_0Tex_003468"/>
    <Texture CRC="EFB00D73" Path="assets/textures/shared/FIRE_bs_room_0Tex_003868"/>
    <Texture CRC="0A45A765" Path="assets/textures/shared/FIRE_bs_room_0Tex_003C68"/>
    <Texture CRC="160F8D72" Path="assets/textures/shared/FIRE_bs_room_0Tex_004068"/>
    <Texture CRC="16A2A385" Path="assets/textures/shared/FIRE_bs_room_0TLUT_002E28"/>
    <Texture CRC="19492F7E" Path="assets/textures/shared/FIRE_bs_room_0TLUT_002E48"/>
    <Texture CRC="FE67513B" Path="assets/textures/shared/FIRE_bs_sceneTex_004400"/>
    <Texture CRC="E1112148" Path="assets/textures/shared/ganon_room_0Tex_004C68"/>
    <Texture CRC="1D96DDC1" Path="assets/textures/shared/ganon_room_0Tex_005468"/>
    <Texture CRC="FDD8FAFD" Path="assets/textures/shared/ganon_room_1Tex_006370"/>
    <Texture CRC="F937B4ED" Path="assets/textures/shared/ganon_room_2Tex_003DF0"/>
    <Texture CRC="F957C806" Path="assets/textures/shared/ganon_room_2Tex_0041F0"/>
    <Texture CRC="039FAC53" Path="assets/textures/shared/ganon_room_4Tex_005A68"/>
    <Texture CRC="1CE19C23" Path="assets/textures/shared/ganon_room_4Tex_006E68"/>
    <Texture CRC="E1E99F5E" Path="assets/textures/shared/ganon_room_4Tex_007E68"/>
    <Texture CRC="FAF99276" Path="assets/textures/shared/ganon_room_6Tex_007600"/>
    <Texture CRC="EBCEEDDE" Path="assets/textures/shared/ganon_room_6Tex_009398"/>
    <Texture CRC="F3198C9E" Path="assets/textures/shared/ganon_room_8Tex_005320"/>
    <Texture CRC="EAEBAD1E" Path="assets/textures/shared/ganon_room_8Tex_005360"/>
    <Texture CRC="F784855A" Path="assets/textures/shared/ganon_room_8Tex_0053E0"/>
    <Texture CRC="03A1DE68" Path="assets/textures/shared/ganon_room_8Tex_005FE0"/>
    <Texture CRC="F2D57B49" Path="assets/textures/shared/ganon_room_8Tex_0063E0"/>
    <Texture CRC="1802D1C4" Path="assets/textures/shared/ganon_room_9Tex_002920"/>
    <Texture CRC="EC6B7820" Path="assets/textures/shared/ganon_room_9Tex_002D20"/>
    <Texture CRC="0B1F299C" Path="assets/textures/shared/ganon_room_9Tex_003120"/>
    <Texture CRC="ED1D707D" Path="assets/textures/shared/ganon_room_9Tex_004520"/>
    <Texture CRC="1EA95659" Path="assets/textures/shared/ganon_room_9Tex_004D20"/>
    <Texture CRC="022E1BF9" Path="assets/textures/shared/ganon_room_9TLUT_001F18"/>
    <Texture CRC="F7DA8D0D" Path="assets/textures/shared/ganontika_room_12Tex_006260"/>
    <Texture CRC="FE1D6736" Path="assets/textures/shared/ganontika_room_12Tex_006A60"/>
    <Texture CRC="1C850DC7" Path="assets/textures/shared/ganontika_room_14Tex_004F88"/>
    <Texture CRC="EF1A2090" Path="assets/textures/shared/ganontika_room_14Tex_005F88"/>
    <Texture CRC="133F3E79" Path="assets/textures/shared/ganontika_room_18Tex_009910"/>
    <Texture CRC="F682F3AC" Path="assets/textures/shared/ganontika_room_1Tex_0109C0"/>
    <Texture CRC="F473A5A6" Path="assets/textures/shared/ganontika_room_1Tex_0139C0"/>
    <Texture CRC="F878F52F" Path="assets/textures/shared/ganontika_room_1Tex_0159C0"/>
    <Texture CRC="E75EA0A6" Path="assets/textures/shared/ganontika_room_1Tex_0169C0"/>
    <Texture CRC="0D45FFA1" Path="assets/textures/shared/ganontika_room_1Tex_0171C0"/>
    <Texture CRC="EE0C8482" Path="assets/textures/shared/ganontika_room_2Tex_0037D8"/>
    <Texture CRC="F14CEC9A" Path="assets/textures/shared/ganontika_room_2Tex_003FD8"/>
    <Texture CRC="1DEB710D" Path="assets/textures/shared/ganontika_room_2Tex_0057D8"/>
    <Texture CRC="17EB5C50" Path="assets/textures/shared/ganontika_room_5Tex_003B38"/>
    <Texture CRC="0821EBAF" Path="assets/textures/shared/ganontika_sceneTex_020B70"/>
    <Texture CRC="0C4C4E7A" Path="assets/textures/shared/ganon_boss_sceneTex_002C18"/>
    <Texture CRC="E6E33F16" Path="assets/textures/shared/ganon_demo_sceneTex_006B70"/>
    <Texture CRC="13FA05DA" Path="assets/textures/shared/ganon_demo_sceneTex_008770"/>
    <Texture CRC="0573B813" Path="assets/textures/shared/ganon_final_sceneTex_00BD80"/>
    <Texture CRC="0809C54B" Path="assets/textures/shared/ganon_final_sceneTex_010580"/>
    <Texture CRC="EBFA2BF7" Path="assets/textures/shared/ganon_sonogo_room_0Tex_005020"/>
    <Texture CRC="1E19EEF1" Path="assets/textures/shared/ganon_sonogo_room_1Tex_004148"/>
    <Texture CRC="E6756E4F" Path="assets/textures/shared/ganon_tou_room_0Tex_0124F0"/>
    <Texture CRC="1414164C" Path="assets/textures/shared/ganon_tou_room_0Tex_0125F0"/>
    <Texture CRC="EC97AEDA" Path="assets/textures/shared/gerudoway_room_1Tex_003710"/>
    <Texture CRC="FB2AED2A" Path="assets/textures/shared/gerudoway_room_1Tex_003F10"/>
    <Texture CRC="0E483D71" Path="assets/textures/shared/gerudoway_room_3Tex_0092A0"/>
    <Texture CRC="14136921" Path="assets/textures/shared/gerudoway_sceneTex_00A520"/>
    <Texture CRC="0CBC57C1" Path="assets/textures/shared/gerudoway_sceneTex_00A920"/>
    <Texture CRC="F54F1346" Path="assets/textures/shared/gerudoway_sceneTex_00D120"/>
    <Texture CRC="F41A1D0A" Path="assets/textures/shared/HIDAN_room_0Tex_004EC0"/>
    <Texture CRC="006E448A" Path="assets/textures/shared/HIDAN_room_10Tex_013298"/>
    <Texture CRC="FA6AE3E5" Path="assets/textures/shared/HIDAN_room_10Tex_013498"/>
    <Texture CRC="E34BC62B" Path="assets/textures/shared/HIDAN_room_10Tex_014498"/>
    <Texture CRC="F1AF129D" Path="assets/textures/shared/HIDAN_room_10Tex_015A98"/>
    <Texture CRC="F674F9BB" Path="assets/textures/shared/day_entrance"/>
    <Texture CRC="EF7F4204" Path="assets/textures/shared/ice_doukutu_room_0Tex_003F30"/>
    <Texture CRC="04A40EBE" Path="assets/textures/shared/ice_doukutu_room_0Tex_004730"/>
    <Texture CRC="EEB1927B" Path="assets/textures/shared/ice_doukutu_room_0Tex_005730"/>
    <Texture CRC="01ECCC43" Path="assets/textures/shared/night_entrance"/>
    <Texture CRC="1C3B02D1" Path="assets/textures/shared/jyasinboss_room_1Tex_003E38"/>
    <Texture CRC="E796DE50" Path="assets/textures/shared/jyasinboss_room_1Tex_004E38"/>
    <Texture CRC="090FAFEA" Path="assets/textures/shared/jyasinboss_room_1Tex_006638"/>
    <Texture CRC="F6A98667" Path="assets/textures/shared/jyasinboss_room_1Tex_007638"/>
    <Texture CRC="FFAB371F" Path="assets/textures/shared/jyasinzou_room_0Tex_00C928"/>
    <Texture CRC="1FBF47DF" Path="assets/textures/shared/jyasinzou_room_15Tex_005BB8"/>
    <Texture CRC="EDB05DFB" Path="assets/textures/shared/jyasinzou_room_25Tex_00BA68"/>
    <Texture CRC="1BCF4CB0" Path="assets/textures/shared/jyasinzou_room_25Tex_00DA68"/>
    <Texture CRC="1283B73F" Path="assets/textures/shared/jyasinzou_room_25Tex_00EE68"/>
    <Texture CRC="09E64C46" Path="assets/textures/shared/jyasinzou_room_25Tex_00F268"/>
    <Texture CRC="E4C33C7E" Path="assets/textures/shared/jyasinzou_room_25Tex_00F668"/>
    <Texture CRC="0A57EFD4" Path="assets/textures/shared/jyasinzou_room_25Tex_00FE68"/>
    <Texture CRC="F8E488B4" Path="assets/textures/shared/jyasinzou_room_25Tex_00FF68"/>
    <Texture CRC="F171C8C3" Path="assets/textures/shared/jyasinzou_room_25Tex_010368"/>
    <Texture CRC="0E92690C" Path="assets/textures/shared/jyasinzou_room_25Tex_010768"/>
    <Texture CRC="18CFA919" Path="assets/textures/shared/jyasinzou_room_25Tex_010B68"/>
    <Texture CRC="04B37939" Path="assets/textures/shared/jyasinzou_room_25Tex_010F68"/>
    <Texture CRC="E81726ED" Path="assets/textures/shared/men_room_0Tex_009138"/>
    <Texture CRC="F87A617C" Path="assets/textures/shared/men_room_0Tex_009D38"/>
    <Texture CRC="03159CBA" Path="assets/textures/shared/men_room_0Tex_00BD38"/>
    <Texture CRC="FACF6006" Path="assets/textures/shared/men_room_10Tex_002C58"/>
    <Texture CRC="E7CEF848" Path="assets/textures/shared/men_room_4Tex_005150"/>
    <Texture CRC="084BE393" Path="assets/textures/shared/men_room_5Tex_002CD8"/>
    <Texture CRC="E542ED36" Path="assets/textures/shared/MIZUsin_room_22Tex_0050E8"/>
    <Texture CRC="F89A0650" Path="assets/textures/shared/MIZUsin_room_22Tex_0058E8"/>
    <Texture CRC="0CE847B8" Path="assets/textures/shared/MIZUsin_room_22Tex_0060E8"/>
    <Texture CRC="026E66BA" Path="assets/textures/shared/MIZUsin_room_22Tex_0080E8"/>
    <Texture CRC="1B7FBFA8" Path="assets/textures/shared/ydan_room_0Tex_008160"/>
    <Texture CRC="F3D559C7" Path="assets/textures/shared/ydan_room_0Tex_00AD60"/>
    <Texture CRC="1CC34199" Path="assets/textures/shared/ydan_room_0Tex_00D960"/>
    <Texture CRC="FBCEFFA1" Path="assets/textures/shared/ydan_room_0Tex_00E960"/>
    <Texture CRC="102EAF3C" Path="assets/textures/shared/ydan_room_0Tex_00F960"/>
    <Texture CRC="ECA63B5E" Path="assets/textures/shared/ydan_room_11Tex_0044D8"/>
    <Texture CRC="E23C2118" Path="assets/textures/shared/ydan_room_3Tex_0084B0"/>
    <Texture CRC="13A18146" Path="assets/textures/shared/ydan_room_3Tex_00B4B0"/>
    <Texture CRC="EF1872E1" Path="assets/textures/shared/ydan_room_6Tex_003EC0"/>
    <Texture CRC="04402BB2" Path="assets/textures/shared/bowling_sceneTex_009120"/>
    <Texture CRC="FCCF8C69" Path="assets/textures/shared/daiyousei_izumi_sceneTex_004800"/>
    <Texture CRC="0270DB33" Path="assets/textures/shared/daiyousei_izumi_sceneTex_005000"/>
    <Texture CRC="E7D27EE8" Path="assets/textures/shared/daiyousei_izumi_sceneTex_005800"/>
    <Texture CRC="1116A474" Path="assets/textures/shared/daiyousei_izumi_sceneTex_006000"/>
    <Texture CRC="F47075BE" Path="assets/textures/shared/daiyousei_izumi_sceneTex_007000"/>
    <Texture CRC="F25B1C97" Path="assets/textures/shared/daiyousei_izumi_sceneTex_008000"/>
    <Texture CRC="1509487B" Path="assets/textures/shared/daiyousei_izumi_sceneTex_009000"/>
    <Texture CRC="173118E0" Path="assets/textures/shared/daiyousei_izumi_sceneTex_00A800"/>
    <Texture CRC="1031CF12" Path="assets/textures/shared/daiyousei_izumi_sceneTex_00B000"/>
    <Texture CRC="EF1A97CD" Path="assets/textures/shared/hairal_niwa_sceneTex_005B90"/>
    <Texture CRC="1A6C8EAA" Path="assets/textures/shared/hairal_niwa_sceneTex_009B90"/>
    <Texture CRC="FA1FA822" Path="assets/textures/shared/hairal_niwa_sceneTex_00AB90"/>
    <Texture CRC="E180113F" Path="assets/textures/shared/hairal_niwa_sceneTex_00B390"/>
    <Texture CRC="15E347EF" Path="assets/textures/shared/hairal_niwa_sceneTex_00C390"/>
    <Texture CRC="F243FDE6" Path="assets/textures/shared/hairal_niwa_sceneTex_00CB90"/>
    <Texture CRC="1A6E654C" Path="assets/textures/shared/hairal_niwa_sceneTex_00DB90"/>
    <Texture CRC="E2CCFF01" Path="assets/textures/shared/hakasitarelay_room_0Tex_004448"/>
    <Texture CRC="F55F267A" Path="assets/textures/shared/hakasitarelay_room_0Tex_004C48"/>
    <Texture CRC="1475DFC1" Path="assets/textures/shared/hakasitarelay_room_5Tex_001C48"/>
    <Texture CRC="FE5FCC6C" Path="assets/textures/shared/hylia_labo_sceneTex_00A090"/>
    <Texture CRC="E7B2C99B" Path="assets/textures/shared/hylia_labo_sceneTex_010090"/>
    <Texture CRC="E709DC89" Path="assets/textures/shared/mahouya_sceneTex_008A20"/>
    <Texture CRC="F95560D1" Path="assets/textures/shared/mahouya_sceneTex_009A20"/>
    <Texture CRC="E97CF75C" Path="assets/textures/shared/syatekijyou_sceneTex_005CC0"/>
    <Texture CRC="F5A93AC0" Path="assets/textures/shared/syatekijyou_sceneTex_00B2C0"/>
    <Texture CRC="1431869F" Path="assets/textures/shared/takaraya_room_1Tex_0017F8"/>
    <Texture CRC="ED4B9B85" Path="assets/textures/shared/takaraya_room_3Tex_001818"/>
    <Texture CRC="065983BD" Path="assets/textures/shared/takaraya_room_3Tex_002018"/>
    <Texture CRC="FBF2900E" Path="assets/textures/shared/takaraya_room_4Tex_002820"/>
    <Texture CRC="04B5CAB9" Path="assets/textures/shared/takaraya_sceneTex_0069B0"/>
    <Texture CRC="1EAD2B3F" Path="assets/textures/shared/yousei_izumi_tate_sceneTex_002810"/>
    <Texture CRC="10AC997A" Path="assets/textures/shared/yousei_izumi_tate_sceneTex_004810"/>
    <Texture CRC="FA386200" Path="assets/textures/shared/yousei_izumi_tate_sceneTex_005810"/>
    <Texture CRC="F5588B60" Path="assets/textures/shared/yousei_izumi_tate_sceneTex_006010"/>
    <Texture CRC="F1079CA6" Path="assets/textures/shared/hakaana_ouke_room_0Tex_005730"/>
    <Texture CRC="15FF3E57" Path="assets/textures/shared/kakusiana_room_0Tex_004AA0"/>
    <Texture CRC="074D1FBE" Path="assets/textures/shared/kakusiana_room_11Tex_003048"/>
    <Texture CRC="026535FE" Path="assets/textures/shared/kakusiana_room_13Tex_001950"/>
    <Texture CRC="EC4396CB" Path="assets/textures/shared/kakusiana_room_13Tex_002950"/>
    <Texture CRC="032612AE" Path="assets/textures/shared/kakusiana_room_1Tex_002A18"/>
    <Texture CRC="19060D66" Path="assets/textures/shared/kinsuta_room_0Tex_009D10"/>
    <Texture CRC="051A2F57" Path="assets/textures/shared/turibori_sceneTex_006BE0"/>
    <Texture CRC="164EE952" Path="assets/textures/shared/souko_room_0Tex_005CF8"/>
    <Texture CRC="E5EA8DF4" Path="assets/textures/shared/souko_room_0Tex_006CF8"/>
    <Texture CRC="FE9507F9" Path="assets/textures/shared/souko_room_0Tex_0078F8"/>
    <Texture CRC="0B9E9000" Path="assets/textures/shared/souko_room_1Tex_005118"/>
    <Texture CRC="0931555F" Path="assets/textures/shared/spot00_sceneTex_015E98"/>
    <Texture CRC="19B89C1E" Path="assets/textures/shared/spot00_sceneTex_019B98"/>
    <Texture CRC="EEDDBDB2" Path="assets/textures/shared/spot00_sceneTex_01C198"/>
    <Texture CRC="F3FED154" Path="assets/textures/shared/night_window"/>
    <Texture CRC="17AC7C31" Path="assets/textures/shared/spot01_sceneTex_015350"/>
    <Texture CRC="0D064FC5" Path="assets/textures/shared/spot01_sceneTex_01AF50"/>
    <Texture CRC="0DE5167D" Path="assets/textures/shared/spot02_room_1Tex_00CD08"/>
    <Texture CRC="FA142018" Path="assets/textures/shared/spot02_room_1Tex_00DD08"/>
    <Texture CRC="E4A977DC" Path="assets/textures/shared/spot02_room_1Tex_015D08"/>
    <Texture CRC="E3942257" Path="assets/textures/shared/spot02_room_1Tex_017988"/>
    <Texture CRC="F2CAD1EA" Path="assets/textures/shared/spot02_sceneTex_00B880"/>
    <Texture CRC="0E74591F" Path="assets/textures/shared/spot03_sceneTex_007158"/>
    <Texture CRC="00EADDE9" Path="assets/textures/shared/spot04_room_0Tex_00E108"/>
    <Texture CRC="FA47E062" Path="assets/textures/shared/spot04_room_0Tex_011F08"/>
    <Texture CRC="1678CB21" Path="assets/textures/shared/spot04_room_0Tex_012F08"/>
    <Texture CRC="01683929" Path="assets/textures/shared/spot04_room_0Tex_013108"/>
    <Texture CRC="067BB229" Path="assets/textures/shared/spot04_room_0Tex_013708"/>
    <Texture CRC="03D87A4A" Path="assets/textures/shared/spot04_room_0Tex_013F08"/>
    <Texture CRC="E58EA3E2" Path="assets/textures/shared/spot04_room_0Tex_014308"/>
    <Texture CRC="EAE00973" Path="assets/textures/shared/spot04_room_0Tex_015B08"/>
    <Texture CRC="F4ECF576" Path="assets/textures/shared/spot04_room_0Tex_017108"/>
    <Texture CRC="0FC9BA00" Path="assets/textures/shared/spot04_room_0Tex_01A290"/>
    <Texture CRC="ED61909F" Path="assets/textures/shared/spot05_sceneTex_012360"/>
    <Texture CRC="095BF721" Path="assets/textures/shared/spot05_sceneTex_012B60"/>
    <Texture CRC="18624125" Path="assets/textures/shared/day_entrance"/>
    <Texture CRC="1E231A50" Path="assets/textures/shared/spot07_room_1Tex_009BD8"/>
    <Texture CRC="11DAEF83" Path="assets/textures/shared/spot09_sceneTex_004460"/>
    <Texture CRC="F1435125" Path="assets/textures/shared/spot10_room_1Tex_003FA0"/>
    <Texture CRC="E1DD509D" Path="assets/textures/shared/spot10_room_1Tex_005FA0"/>
    <Texture CRC="1670C796" Path="assets/textures/shared/spot10_room_1Tex_007C30"/>
    <Texture CRC="E2117A16" Path="assets/textures/shared/spot10_room_2Tex_0023E8"/>
    <Texture CRC="F6CD3EBE" Path="assets/textures/shared/spot10_room_2Tex_0033E8"/>
    <Texture CRC="E07F7031" Path="assets/textures/shared/spot10_room_2Tex_0043E8"/>
    <Texture CRC="093B9736" Path="assets/textures/shared/spot11_sceneTex_010CE0"/>
    <Texture CRC="E1DE2499" Path="assets/textures/shared/gSpot12_00DE78Tex"/>
    <Texture CRC="0C51F88C" Path="assets/textures/shared/spot12_room_0Tex_008AB0"/>
    <Texture CRC="FC5268BF" Path="assets/textures/shared/spot12_room_0Tex_00C6B0"/>
    <Texture CRC="06111A72" Path="assets/textures/shared/spot12_room_0Tex_00EAB0"/>
    <Texture CRC="07DCC6CC" Path="assets/textures/shared/spot12_room_0TLUT_008A90"/>
    <Texture CRC="19902C03" Path="assets/textures/shared/spot12_sceneTex_007678"/>
    <Texture CRC="E1966A84" Path="assets/textures/shared/spot12_sceneTex_008E78"/>
    <Texture CRC="EA5FB636" Path="assets/textures/shared/spot12_sceneTLUT_006650"/>
    <Texture CRC="F406FE30" Path="assets/textures/shared/spot16_sceneTex_011798"/>
    <Texture CRC="186ACD1D" Path="assets/textures/shared/spot17_room_1Tex_00F4D8"/>
    <Texture CRC="1EDAC566" Path="assets/textures/shared/spot18_room_0Tex_004960"/>
    <Texture CRC="0C1A5B4A" Path="assets/textures/shared/spot18_room_0Tex_005160"/>
    <Texture CRC="F1D9EAA3" Path="assets/textures/shared/spot18_room_0Tex_005560"/>
    <Texture CRC="1B64BF02" Path="assets/textures/shared/spot18_room_1Tex_002868"/>
    <Texture CRC="1CAAD361" Path="assets/textures/shared/spot18_room_1Tex_003068"/>
    <Texture CRC="10B77A2A" Path="assets/textures/shared/syotes_room_0Tex_0039E8"/>
    <Texture CRC="1718FD0E" Path="assets/textures/shared/syotes_room_0Tex_00A9E8"/>
    <Texture CRC="17FA6F46" Path="assets/textures/shared/know_it_all_bros_house2"/>
    <Texture CRC="03FF772F" Path="assets/textures/shared/know_it_all_bros_house2_tlut"/>
    <Texture CRC="F0A5349C" Path="assets/textures/shared/num_7_fra"/>
    <Texture CRC="EE77493E" Path="assets/textures/shared/put_away_ger"/>
    <Texture CRC="ED123044" Path="assets/textures/shared/stop_eng"/>
    <Texture CRC="E93EBAAC" Path="assets/textures/shared/pause_save_2_0_ger"/>
    <Texture CRC="E7A67A7F" Path="assets/textures/shared/cucco_icon"/>
    <Texture CRC="0C1D4804" Path="assets/textures/shared/pocket_egg"/>
    <Texture CRC="FAA79704" Path="assets/textures/shared/bomb_item_name_fra"/>
    <Texture CRC="E8908EDA" Path="assets/textures/shared/haunted_wasteland_minimap"/>
    <Texture CRC="FFBFEAD1" Path="assets/textures/shared/fire_temple_room_13_floor_3_minimap"/>
    <Texture CRC="E17C45AB" Path="assets/textures/shared/fire_temple_room_5_floor_3_minimap"/>
    <Texture CRC="19FCCE06" Path="assets/textures/shared/spirit_temple_room_19_minimap"/>
    <Texture CRC="1194CF22" Path="assets/textures/shared/water_temple_room_12_basement_1_minimap"/>
    <Texture CRC="117BE77F" Path="assets/textures/shared/water_temple_room_14_basement_1_minimap"/>
    <Texture CRC="EE5421F6" Path="assets/textures/shared/water_temple_room_15_basement_1_minimap"/>
    <Texture CRC="F089CFF3" Path="assets/textures/shared/water_temple_room_1_basement_1_minimap"/>
    <Texture CRC="0E364878" Path="assets/textures/shared/water_temple_room_21_floor_1_minimap"/>
    <Texture CRC="0698CC33" Path="assets/textures/shared/water_temple_room_5_floor_1_minimap"/>
    <Texture CRC="13324501" Path="assets/textures/shared/water_temple_room_6_floor_2_minimap"/>
    <Texture CRC="1B45A7DD" Path="assets/textures/shared/water_temple_room_9_basement_1_minimap"/>
    <Texture CRC="12D4F84F" Path="assets/textures/shared/msg_char_20_space"/>
    <Texture CRC="1DEA6483" Path="assets/textures/shared/name_eng"/>
    <Texture CRC="095A9A1C" Path="assets/textures/shared/no_file_to_copy_ger"/>
    <Texture CRC="00C03B39" Path="assets/textures/shared/which_file_1_ger"/>
</Root>
