<Root>
    <File Name="object_os_anime" Segment="6">
        <Animation Name="gObjOsAnim_00B4" Offset="0x0B4"/>
        <Animation Name="gObjOsAnim_0170" Offset="0x170"/>
        <Animation Name="gObjOsAnim_0228" Offset="0x228"/>
        <Animation Name="gObjOsAnim_0718" Offset="0x718"/>
        <Animation Name="gObjOsAnim_07D0" Offset="0x7D0"/>
        <Animation Name="gObjOsAnim_0894" Offset="0x894"/>
        <Animation Name="gObjOsAnim_092C" Offset="0x92C"/>
        <Animation Name="gObjOsAnim_0BFC" Offset="0xBFC"/>
        <Animation Name="gObjOsAnim_0FE4" Offset="0xFE4"/>
        <Animation Name="gObjOsAnim_12E8" Offset="0x12E8"/>
        <Animation Name="gObjOsAnim_14A0" Offset="0x14A0"/>
        <Animation Name="gObjOsAnim_1650" Offset="0x1650"/>
        <Animation Name="gObjOsAnim_16EC" Offset="0x16EC"/>
        <Animation Name="gObjOsAnim_18A0" Offset="0x18A0"/>
        <Animation Name="gObjOsAnim_1E7C" Offset="0x1E7C"/>
        <Animation Name="gObjOsAnim_1F18" Offset="0x1F18"/>
        <Animation Name="gObjOsAnim_2160" Offset="0x2160"/>
        <Animation Name="gObjOsAnim_25D0" Offset="0x25D0"/>
        <Animation Name="gObjOsAnim_265C" Offset="0x265C"/>
        <Animation Name="gObjOsAnim_2850" Offset="0x2850"/>
        <Animation Name="gObjOsAnim_28DC" Offset="0x28DC"/>
        <Animation Name="gObjOsAnim_2D0C" Offset="0x2D0C"/>
        <Animation Name="gObjOsAnim_2DC0" Offset="0x2DC0"/>
        <Animation Name="gObjOsAnim_300C" Offset="0x300C"/>
        <Animation Name="gObjOsAnim_31B0" Offset="0x31B0"/>
        <Animation Name="gObjOsAnim_33B4" Offset="0x33B4"/>
        <Animation Name="gObjOsAnim_3D84" Offset="0x3D84"/>
        <Animation Name="gObjOsAnim_41F8" Offset="0x41F8"/>
        <Animation Name="gObjOsAnim_42AC" Offset="0x42AC"/>
        <Animation Name="gObjOsAnim_4408" Offset="0x4408"/>
        <Animation Name="gObjOsAnim_4788" Offset="0x4788"/>
        <Animation Name="gObjOsAnim_4C4C" Offset="0x4C4C"/>
        <Animation Name="gObjOsAnim_4CF4" Offset="0x4CF4"/>
        <Animation Name="gObjOsAnim_4E90" Offset="0x4E90"/>
        <Animation Name="gObjOsAnim_4F28" Offset="0x4F28"/>
        <Animation Name="gKokiriLaughingAnim" Offset="0x5808"/>
        <Animation Name="gKokiriIdleAnim" Offset="0x62DC"/>
        <Animation Name="gObjOsAnim_6458" Offset="0x6458"/>
        <Animation Name="gObjOsAnim_6518" Offset="0x6518"/>
        <Animation Name="gKokiriRecliningSittingUpAnim" Offset="0x65E0"/>
        <Animation Name="gKokiriWipingForeheadAnim" Offset="0x6A60"/>
        <Animation Name="gKokiriBackflipAnim" Offset="0x6EE0"/>
        <Animation Name="gKokiriSittingCrossedArmsLegsAnim" Offset="0x6F9C"/>
        <Animation Name="gKokiriStandingApprehensiveAnim" Offset="0x7064"/>
        <Animation Name="gKokiriLeaningOnArmsAnim" Offset="0x7120"/>
        <Animation Name="gKokiriSittingDiggingAnim" Offset="0x7454"/>
        <Animation Name="gKokiriLiftingRockAnim" Offset="0x7830"/>
        <Animation Name="gKokiriCuttingGrassAnim" Offset="0x7D94"/>
        <Animation Name="gKokiriSittingHeadOnHandAnim" Offset="0x7E64"/>
        <Animation Name="gKokiriRecliningLeaningBackAnim" Offset="0x7F38"/>
        <Animation Name="gKokiriStandingHandOnChestAnim" Offset="0x7FFC"/>
        <Animation Name="gKokiriStandingHandsOnHipsAnim" Offset="0x80B4"/>
        <Animation Name="gKokiriRecliningStandingAnim" Offset="0x8178"/>
        <Animation Name="gKokiriPunchingAnim" Offset="0x879C"/>
        <Animation Name="gKokiriBlockingAnim" Offset="0x8F6C"/>
        <Animation Name="gKokiriSittingArmsUpAnim" Offset="0x9028"/>
        <Animation Name="gKokiriStandingRightArmUpAnim" Offset="0x90EC"/>
        <Animation Name="gKokiriSittingAnim" Offset="0x91AC"/>
        <Animation Name="gKokiriStandingAnim" Offset="0x9274"/>
        <Animation Name="gKokiriStandingArmsBehindBackAnim" Offset="0x982C"/>
        <Animation Name="gKokiriLeaningForwardAnim" Offset="0x98EC"/>
        <Animation Name="gKokiriSittingCrossedLegsAnim" Offset="0x99A4"/>
        <Animation Name="gKokiriStandUpAnim" Offset="0x9B64"/>
        <Animation Name="gObjOsAnim_9F94" Offset="0x9F94"/>
        <Animation Name="gObjOsAnim_A630" Offset="0xA630"/>
    </File>
</Root>
