<Root>
    <File Name="object_gi_gloves" Segment="6">
        <Texture Name="object_gi_glovesTex_000000" OutName="object_gi_glovesTex_000000" Format="i8" Width="64" Height="32" Offset="0x0" AddedByScript="true"/>
        <DList Name="gGiSilverGauntletsColorDL" Offset="0x14C0"/>
        <DList Name="gGiGoldenGauntletsColorDL" Offset="0x14E0"/>
        <DList Name="gGiSilverGauntletsPlateColorDL" Offset="0x1500"/>
        <DList Name="gGiGoldenGauntletsPlateColorDL" Offset="0x1520"/>
        <DList Name="gGiGauntletsDL" Offset="0x1540"/>
        <DList Name="gGiGauntletsPlateDL" Offset="0x1860"/>
    </File>
</Root>
