<Root>
    <File Name="object_am" Segment="6">
        <Texture Name="object_amTex_002638" OutName="object_amTex_002638" Format="i4" Width="32" Height="32" Offset="0x2638" AddedByScript="true"/>
        <Texture Name="object_amTex_002838" OutName="object_amTex_002838" Format="i4" Width="16" Height="32" Offset="0x2838" AddedByScript="true"/>
        <Texture Name="object_amTex_002938" OutName="object_amTex_002938" Format="rgba16" Width="16" Height="32" Offset="0x2938" AddedByScript="true"/>
        <Texture Name="object_amTex_002D38" OutName="object_amTex_002D38" Format="i4" Width="16" Height="32" Offset="0x2D38" AddedByScript="true"/>
        <Texture Name="object_amTex_002E38" OutName="object_amTex_002E38" Format="i4" Width="32" Height="32" Offset="0x2E38" AddedByScript="true"/>
        <Texture Name="object_amTex_003038" OutName="object_amTex_003038" Format="i4" Width="32" Height="32" Offset="0x3038" AddedByScript="true"/>
        <Texture Name="object_amTex_003238" OutName="object_amTex_003238" Format="rgba16" Width="32" Height="32" Offset="0x3238" AddedByScript="true"/>
        <Texture Name="object_amTex_003A38" OutName="object_amTex_003A38" Format="rgba16" Width="16" Height="16" Offset="0x3A38" AddedByScript="true"/>
        <Texture Name="object_amTex_003C38" OutName="object_amTex_003C38" Format="rgba16" Width="32" Height="32" Offset="0x3C38" AddedByScript="true"/>
        <Texture Name="object_amTex_004438" OutName="object_amTex_004438" Format="rgba16" Width="32" Height="32" Offset="0x4438" AddedByScript="true"/>
        <Texture Name="object_amTex_004C38" OutName="object_amTex_004C38" Format="rgba16" Width="32" Height="32" Offset="0x4C38" AddedByScript="true"/>
        <Texture Name="object_amTex_005438" OutName="object_amTex_005438" Format="i4" Width="16" Height="8" Offset="0x5438" AddedByScript="true"/>
        <Texture Name="object_amTex_005478" OutName="object_amTex_005478" Format="rgba16" Width="16" Height="32" Offset="0x5478" AddedByScript="true"/>
        <Skeleton Name="gArmosSkel" Type="Normal" LimbType="Standard" Offset="0x5948"/>
        <Animation Name="gArmosRicochetAnim" Offset="0x33C"/>
        <Animation Name="gArmosHopAnim" Offset="0x238"/>
        <Animation Name="gArmosDamagedAnim" Offset="0x5B3C"/>
        <Collision Name="gArmosCol" Offset="0x118"/>
    </File>
</Root>
