<Root>
    <File Name="object_opening_demo1" Segment="6">
        <Animation Name="object_opening_demo1_Anim_000450" Offset="0x450"/>
        <Animation Name="object_opening_demo1_Anim_001410" Offset="0x1410"/>
        <Animation Name="object_opening_demo1_Anim_002574" Offset="0x2574"/>
        <Animation Name="object_opening_demo1_Anim_0029CC" Offset="0x29CC"/>
        <Animation Name="object_opening_demo1_Anim_00420C" Offset="0x420C"/>
        <Animation Name="object_opening_demo1_Anim_0048FC" Offset="0x48FC"/>
        <Animation Name="object_opening_demo1_Anim_00504C" Offset="0x504C"/>
    </File>
</Root>
