<Root>
    <File Name="object_ane" Segment="6">
        <!-- Cucco Lady Skeleton -->
        <Skeleton Name="gCuccoLadySkel" Type="Flex" LimbType="Standard" Offset="0xF0"/>

        <!-- Cucco Lady Skeleton Limbs -->
        <Limb Name="gCuccoLadyRootLimb" LimbType="Standard" Offset="0x000"/>
        <Limb Name="gCuccoLadyLimb_00C" LimbType="Standard" Offset="0x00C"/>
        <Limb Name="gCuccoLadyLimb_018" LimbType="Standard" Offset="0x018"/>
        <Limb Name="gCuccoLadyLimb_024" LimbType="Standard" Offset="0x024"/>
        <Limb Name="gCuccoLadyLimb_030" LimbType="Standard" Offset="0x030"/>
        <Limb Name="gCuccoLadyLimb_03C" LimbType="Standard" Offset="0x03C"/>
        <Limb Name="gCuccoLadyLimb_048" LimbType="Standard" Offset="0x048"/>
        <Limb Name="gCuccoLadyTorsoLimb" LimbType="Standard" Offset="0x054"/>
        <Limb Name="gCuccoLadyLimb_060" LimbType="Standard" Offset="0x060"/>
        <Limb Name="gCuccoLadyLimb_06C" LimbType="Standard" Offset="0x06C"/>
        <Limb Name="gCuccoLadyLimb_078" LimbType="Standard" Offset="0x078"/>
        <Limb Name="gCuccoLadyLimb_084" LimbType="Standard" Offset="0x084"/>
        <Limb Name="gCuccoLadyLimb_090" LimbType="Standard" Offset="0x090"/>
        <Limb Name="gCuccoLadyLimb_09C" LimbType="Standard" Offset="0x09C"/>
        <Limb Name="gCuccoLadyHeadLimb" LimbType="Standard" Offset="0x0A8"/>

        <!-- Cucco Lady Limb DisplayLists -->
        <DList Name="gCuccoLadyDressDL" Offset="0x6DF0"/>
        <DList Name="gCuccoLadyDL_6D20" Offset="0x6D20"/>
        <DList Name="gCuccoLadyDL_6C38" Offset="0x6C38"/>
        <DList Name="gCuccoLadyShoe1DL" Offset="0x69B0"/>
        <DList Name="gCuccoLadyDL_68E0" Offset="0x68E0"/>
        <DList Name="gCuccoLadyDL_67F8" Offset="0x67F8"/>
        <DList Name="gCuccoLadyShoe2DL" Offset="0x6570"/>
        <DList Name="gCuccoLadyTorsoDL" Offset="0x6280"/>
        <DList Name="gCuccoLadyDL_6148" Offset="0x6148"/>
        <DList Name="gCuccoLadyDL_6018" Offset="0x6018"/>
        <DList Name="gCuccoLadyDL_5E28" Offset="0x5E28"/>
        <DList Name="gCuccoLadyDL_5CF0" Offset="0x5CF0"/>
        <DList Name="gCuccoLadyDL_5BC0" Offset="0x5BC0"/>
        <DList Name="gCuccoLadyDL_59D0" Offset="0x59D0"/>
        <DList Name="gCuccoLadyHeadDL" Offset="0x54D8"/>

        <!-- Palettes -->
        <Texture Name="gCuccoLadyTLUT" OutName="tlut" Format="rgba16" Width="16" Height="16" Offset="0x0108"/>

        <!-- Textures -->
        <Texture Name="gCuccoLadyHairTex" OutName="hair" Format="ci8" Width="8" Height="16" Offset="0x0308" TlutOffset="0x0108"/>
        <Texture Name="gCuccoLadyTex_0388" OutName="tex_0388" Format="ci8" Width="8" Height="8" Offset="0x0388" TlutOffset="0x0108"/>
        <Texture Name="gCuccoLadyEarTex" OutName="ear" Format="ci8" Width="16" Height="16" Offset="0x03C8" TlutOffset="0x0108"/>
        <Texture Name="gCuccoLadyMouthTex" OutName="mouth" Format="rgba16" Width="32" Height="16" Offset="0x04C8"/>
        <Texture Name="gCuccoLadyBackOfHandTex" OutName="back_of_hand" Format="ci8" Width="16" Height="16" Offset="0x20C8" TlutOffset="0x0108"/>
        <Texture Name="gCuccoLadySleeveTex" OutName="sleeve" Format="ci8" Width="8" Height="16" Offset="0x21C8" TlutOffset="0x0108"/>
        <Texture Name="gCuccoLadyShirtButtonTex" OutName="shirt_button" Format="ci8" Width="8" Height="8" Offset="0x2248" TlutOffset="0x0108"/>
        <Texture Name="gCuccoLadyWaistTex" OutName="waist" Format="ci8" Width="16" Height="16" Offset="0x2288" TlutOffset="0x0108"/>
        <Texture Name="gCuccoLadySkirtTex" OutName="skirt" Format="ci8" Width="32" Height="32" Offset="0x2388" TlutOffset="0x0108"/>

        <!-- Eye Textures -->
        <Texture Name="gCuccoLadyEyeOpenTex" OutName="cucco_lady_eye_open" Format="rgba16" Width="32" Height="32" Offset="0x8C8"/>
        <Texture Name="gCuccoLadyEyeHalfTex" OutName="cucco_lady_eye_half" Format="rgba16" Width="32" Height="32" Offset="0x10C8"/>
        <Texture Name="gCuccoLadyEyeClosedTex" OutName="cucco_lady_eye_closed" Format="rgba16" Width="32" Height="32" Offset="0x18C8"/>
    </File>
</Root>
