<Root>
    <File Name="object_fz" Segment="6">
        <DList Name="gFreezardIntactDL" Offset="0x1130"/>
        <DList Name="gFreezardTopRightHornChippedDL" Offset="0x21A0"/>
        <DList Name="gFreezardHeadChippedDL" Offset="0x2CA0"/>
        <DList Name="gFreezardSteamStartDL" Offset="0x30A0"/>
        <DList Name="gFreezardSteamDL" Offset="0x3158"/>
        <DList Name="gFreezardIceTriangleDL" Offset="0x3260"/>
        <DList Name="gFreezardIceRockDL" Offset="0x33F0"/>
        <Texture Name="gFreezardSteamTex" OutName="steam" Format="i4" Width="32" Height="32" Offset="0x2E70"/>
    </File>
</Root>
