<Root>
    <File Name="object_du" Segment="6">
        <!-- Darunia's skeleton -->
        <Skeleton Name="gDaruniaSkel" Type="Flex" LimbType="Standard" Offset="0x122A8"/>

        <Animation Name="gDaruniaIdleAnim" Offset="0x74B0"/>

        <Animation Name="gDaruniaItemGiveAnim" Offset="0x800"/>
        <Animation Name="gDaruniaItemGiveIdleAnim" Offset="0xD00"/>

        <!-- Used in the Goron's Ruby Cutscene -->
        <Animation Name="gDaruniaHitLinkAnim" Offset="0x1D70"/>
        <Animation Name="gDaruniaHitBreastAnim" Offset="0x2374"/>
        <Animation Name="gDaruniaStandUpAfterFallingAnim" Offset="0x288C"/>

        <!-- Animations of Darunia dancing the Saria's Song -->

        <!-- He opens and closes his arms -->
        <Animation Name="gDaruniaDancingLoop1Anim" Offset="0x2E8C"/>
        <!-- I don't understand this one -->
        <Animation Name="gDaruniaDancingLoop2Anim" Offset="0x40FC"/>
        <!-- Dances side to side -->
        <Animation Name="gDaruniaDancingLoop3Anim" Offset="0x516C"/>
        <!-- I don't know. He thinks he is a chicken maybe (?) -->
        <Animation Name="gDaruniaDancingLoop4Anim" Offset="0x54DC"/>
        <!-- Seems to go from from dancing to idle -->
        <Animation Name="gDaruniaDancingEndAnim" Offset="0x45A4"/>

        <!-- Link played a song which isn't the Saria's Song -->
        <Animation Name="gDaruniaWrongSongAnim" Offset="0x3D88"/>
        <Animation Name="gDaruniaWrongSongEndAnim" Offset="0x4B6C"/>

        <!-- Cutscene in the Chamber of Sages, after killing Ganon -->
        <Animation Name="gDaruniaSageFormationAnim" Offset="0x12614"/>

        <!-- Cutscene in credits. Saria is in Darunia's shoulders -->
        <Animation Name="gDaruniaLookingUpToSariaAnim" Offset="0x5A58"/>
        <Animation Name="gDaruniaCreditsHitBreastAnim" Offset="0x6704"/>
        <Animation Name="gDaruniaCreditsIdleAnim" Offset="0x6DCC"/>


        <!-- Darunia's eyes textures -->
        <Texture Name="gDaruniaEyeOpenTex" OutName="darunia_eye_open" Format="ci8" Width="32" Height="32" Offset="0x8680" TlutOffset="0x80F8"/>
        <Texture Name="gDaruniaEyeOpeningTex" OutName="darunia_eye_opening" Format="ci8" Width="32" Height="32" Offset="0x8A80" TlutOffset="0x80F8"/>
        <Texture Name="gDaruniaEyeShutTex" OutName="darunia_eye_shut" Format="ci8" Width="32" Height="32" Offset="0x8E80" TlutOffset="0x80F8"/>
        <Texture Name="gDaruniaEyeClosingTex" OutName="darunia_eye_closing" Format="ci8" Width="32" Height="32" Offset="0xAB40" TlutOffset="0x80F8"/>

        <!-- Darunia's mouth textures -->
        <Texture Name="gDaruniaMouthSeriousTex" OutName="darunia_mouth_serious" Format="ci8" Width="64" Height="32" Offset="0x9280" TlutOffset="0x82C8"/>
        <Texture Name="gDaruniaMouthGrinningTex" OutName="darunia_mouth_grinning" Format="ci8" Width="64" Height="32" Offset="0xA340" TlutOffset="0x82C8"/>
        <Texture Name="gDaruniaMouthOpenTex" OutName="darunia_mouth_open" Format="ci8" Width="64" Height="32" Offset="0xAF40" TlutOffset="0x82C8"/>
        <Texture Name="gDaruniaMouthHappyTex" OutName="darunia_mouth_happy" Format="ci8" Width="64" Height="32" Offset="0xB780" TlutOffset="0x82C8"/>

        <!-- Darunia's nose textures -->
        <Texture Name="gDaruniaNoseSeriousTex" OutName="darunia_nose_serious" Format="ci8" Width="8" Height="8" Offset="0x85C0" TlutOffset="0x7F80"/>
        <Texture Name="gDaruniaNoseHappyTex" OutName="darunia_nose_happy" Format="ci8" Width="8" Height="8" Offset="0xB740" TlutOffset="0x7F80"/>


        <!-- Palettes -->
        <Texture Name="gDaruniaTLUT_6EC0" OutName="darunia_tlut_6EC0" Format="rgba16" Width="16" Height="16" Offset="0x74C0"/>
        <Texture Name="gDaruniaTLUT_7AF8" OutName="darunia_tlut_7AF8" Format="rgba16" Width="29" Height="8" Offset="0x80F8"/>
        <Texture Name="gDaruniaTLUT_7CC8" OutName="darunia_tlut_7CC8" Format="rgba16" Width="21" Height="12" Offset="0x82C8"/>
        <Texture Name="gDaruniaTLUT_7980" OutName="darunia_tlut_7980" Format="rgba16" Width="47" Height="4" Offset="0x7F80"/>

        <!-- Palette: gDaruniaPalette_6EC0 -->
        <Texture Name="gDaruniaSkelTex_70C0" OutName="darunia_tex_70C0" Format="ci8" Width="32" Height="16" Offset="0x76C0" TlutOffset="0x74C0"/>
        <Texture Name="gDaruniaSkelTex_72C0" OutName="darunia_tex_72C0" Format="ci8" Width="16" Height="16" Offset="0x78C0" TlutOffset="0x74C0"/>
        <Texture Name="gDaruniaSkelTex_73C0" OutName="darunia_tex_73C0" Format="ci8" Width="8" Height="16" Offset="0x79C0" TlutOffset="0x74C0"/>
        <Texture Name="gDaruniaSkelTex_7440" OutName="darunia_tex_7440" Format="ci8" Width="8" Height="8" Offset="0x7A40" TlutOffset="0x74C0"/>
        <Texture Name="gDaruniaSkelTex_7480" OutName="darunia_tex_7480" Format="ci8" Width="16" Height="16" Offset="0x7A80" TlutOffset="0x74C0"/>
        <Texture Name="gDaruniaSkelTex_7580" OutName="darunia_tex_7580" Format="ci8" Width="32" Height="32" Offset="0x7B80" TlutOffset="0x74C0"/>

        <!-- Palette: gDaruniaPalette_7980 -->
        <Texture Name="gDaruniaSkelTex_7EC0" OutName="darunia_tex_7EC0" Format="ci8" Width="8" Height="16" Offset="0x84C0" TlutOffset="0x7F80"/>
        <Texture Name="gDaruniaSkelTex_7F40" OutName="darunia_tex_7F40" Format="ci8" Width="8" Height="16" Offset="0x8540" TlutOffset="0x7F80"/>
        <Texture Name="gDaruniaSkelTex_8000" OutName="darunia_tex_8000" Format="ci8" Width="8" Height="16" Offset="0x8600" TlutOffset="0x7F80"/>
        <Texture Name="gDaruniaSkelTex_9480" OutName="darunia_tex_9480" Format="ci8" Width="8" Height="16" Offset="0x9A80" TlutOffset="0x7F80"/>
        <Texture Name="gDaruniaSkelTex_9500" OutName="darunia_tex_9500" Format="ci8" Width="32" Height="64" Offset="0x9B00" TlutOffset="0x7F80"/>
        <Texture Name="gDaruniaSkelTex_9D00" OutName="darunia_tex_9D00" Format="ci8" Width="8" Height="8" Offset="0xA300" TlutOffset="0x7F80"/>
    </File>
</Root>
