<Root>
    <File Name="object_mag" Segment="6">
        <Texture Name="gTitleZeldaShieldLogoMQTex" OutName="title_zelda_shield_logo_mq" Format="rgba32" Width="160" Height="160" Offset="0x0"/>
        <Texture Name="gTitleCopyright19982004JpnTex" OutName="title_copyright_19982004_jpn" Format="ia8" Width="160" Height="16" Offset="0x19000"/>
        <Texture Name="gTitleCopyright19982004EngTex" OutName="title_copyright_19982004_eng" Format="ia8" Width="160" Height="16" Offset="0x19A00"/>
        <Texture Name="gTitleDiskTex" OutName="title_disk" Format="ia8" Width="48" Height="16" Offset="0x1A400"/>
        <Texture Name="gTitleEffectMask00Tex" OutName="title_effect_mask_0_0" Format="i4" Width="64" Height="64" Offset="0x1A700"/>
        <Texture Name="gTitleEffectMask01Tex" OutName="title_effect_mask_0_1" Format="i4" Width="64" Height="64" Offset="0x1AF00"/>
        <Texture Name="gTitleEffectMask02Tex" OutName="title_effect_mask_0_2" Format="i4" Width="64" Height="64" Offset="0x1B700"/>
        <Texture Name="gTitleEffectMask10Tex" OutName="title_effect_mask_1_0" Format="i4" Width="64" Height="64" Offset="0x1BF00"/>
        <Texture Name="gTitleEffectMask11Tex" OutName="title_effect_mask_1_1" Format="i4" Width="64" Height="64" Offset="0x1C700"/>
        <Texture Name="gTitleEffectMask12Tex" OutName="title_effect_mask_1_2" Format="i4" Width="64" Height="64" Offset="0x1CF00"/>
        <Texture Name="gTitleEffectMask20Tex" OutName="title_effect_mask_2_0" Format="i4" Width="64" Height="64" Offset="0x1D700"/>
        <Texture Name="gTitleEffectMask21Tex" OutName="title_effect_mask_2_1" Format="i4" Width="64" Height="64" Offset="0x1DF00"/>
        <Texture Name="gTitleEffectMask22Tex" OutName="title_effect_mask_2_2" Format="i4" Width="64" Height="64" Offset="0x1E700"/>
        <Texture Name="gTitleFlameEffectTex" OutName="title_flame_effect" Format="i8" Width="32" Height="32" Offset="0x1EF00"/>
        <Texture Name="gTitleTheLegendOfTextTex" OutName="title_the_legend_of_text" Format="i8" Width="72" Height="8" Offset="0x1F300"/>
        <Texture Name="gTitleOcarinaOfTimeTMTextTex" OutName="title_ocarina_of_time_tm_text" Format="i8" Width="96" Height="8" Offset="0x1F540"/>
        <Texture Name="gTitleTitleJPNTex" OutName="title_title_jpn" Format="i8" Width="128" Height="16" Offset="0x1F840"/>
    </File>
</Root>
