<Root>
    <File Name="spot11_scene" Segment="2">
        <Texture Name="spot11_sceneTex_007CA0" OutName="spot11_sceneTex_007CA0" Format="rgba16" Width="32" Height="32" Offset="0x7CA0" AddedByScript="true"/>
        <Texture Name="spot11_sceneTex_0084A0" OutName="spot11_sceneTex_0084A0" Format="rgba16" Width="32" Height="32" Offset="0x84A0" AddedByScript="true"/>
        <Texture Name="spot11_sceneTex_008CA0" OutName="spot11_sceneTex_008CA0" Format="rgba16" Width="16" Height="32" Offset="0x8CA0" AddedByScript="true"/>
        <Texture Name="spot11_sceneTex_0090A0" OutName="spot11_sceneTex_0090A0" Format="rgba16" Width="128" Height="16" Offset="0x90A0" AddedByScript="true"/>
        <Texture Name="spot11_sceneTex_00A0A0" OutName="spot11_sceneTex_00A0A0" Format="rgba16" Width="32" Height="32" Offset="0xA0A0" AddedByScript="true"/>
        <Texture Name="spot11_sceneTex_00A8A0" OutName="spot11_sceneTex_00A8A0" Format="rgba16" Width="64" Height="32" Offset="0xA8A0" AddedByScript="true"/>
        <Texture Name="spot11_sceneTex_00B8A0" OutName="spot11_sceneTex_00B8A0" Format="rgba16" Width="16" Height="32" Offset="0xB8A0" AddedByScript="true"/>
        <Texture Name="spot11_sceneTex_00BCA0" OutName="spot11_sceneTex_00BCA0" Format="rgba16" Width="32" Height="32" Offset="0xBCA0" AddedByScript="true"/>
        <Texture Name="spot11_sceneTex_00C4A0" OutName="spot11_sceneTex_00C4A0" Format="rgba16" Width="32" Height="32" Offset="0xC4A0" AddedByScript="true"/>
        <Texture Name="spot11_sceneTex_00CCA0" OutName="spot11_sceneTex_00CCA0" Format="rgba16" Width="16" Height="64" Offset="0xCCA0" AddedByScript="true"/>
        <Texture Name="spot11_sceneTex_00D4A0" OutName="spot11_sceneTex_00D4A0" Format="rgba16" Width="32" Height="32" Offset="0xD4A0" AddedByScript="true"/>
        <Texture Name="spot11_sceneTex_00DCA0" OutName="spot11_sceneTex_00DCA0" Format="rgba16" Width="64" Height="32" Offset="0xDCA0" AddedByScript="true"/>
        <Texture Name="spot11_sceneTex_00ECA0" OutName="spot11_sceneTex_00ECA0" Format="rgba16" Width="32" Height="32" Offset="0xECA0" AddedByScript="true"/>
        <Texture Name="spot11_sceneTex_00F4A0" OutName="spot11_sceneTex_00F4A0" Format="rgba16" Width="32" Height="32" Offset="0xF4A0" AddedByScript="true"/>
        <Texture Name="spot11_sceneTex_00FCA0" OutName="spot11_sceneTex_00FCA0" Format="ia8" Width="8" Height="8" Offset="0xFCA0" AddedByScript="true"/>
        <Texture Name="spot11_sceneTex_00FCE0" OutName="spot11_sceneTex_00FCE0" Format="rgba16" Width="32" Height="32" Offset="0xFCE0" AddedByScript="true"/>
        <Texture Name="spot11_sceneTex_0104E0" OutName="spot11_sceneTex_0104E0" Format="rgba16" Width="32" Height="32" Offset="0x104E0" AddedByScript="true"/>
        <Texture Name="spot11_sceneTex_010CE0" OutName="spot11_sceneTex_010CE0" Format="rgba16" Width="32" Height="64" Offset="0x10CE0" AddedByScript="true"/>
        <Texture Name="spot11_sceneTex_011CE0" OutName="spot11_sceneTex_011CE0" Format="rgba16" Width="32" Height="32" Offset="0x11CE0" AddedByScript="true"/>
        <Texture Name="spot11_sceneTex_0124E0" OutName="spot11_sceneTex_0124E0" Format="rgba16" Width="32" Height="32" Offset="0x124E0" AddedByScript="true"/>
        <Texture Name="spot11_sceneTex_012CE0" OutName="spot11_sceneTex_012CE0" Format="rgba16" Width="32" Height="32" Offset="0x12CE0" AddedByScript="true"/>
        <Texture Name="spot11_sceneTex_0134E0" OutName="spot11_sceneTex_0134E0" Format="rgba16" Width="32" Height="32" Offset="0x134E0" AddedByScript="true"/>
        <Texture Name="spot11_sceneTex_013CE0" OutName="spot11_sceneTex_013CE0" Format="rgba16" Width="32" Height="32" Offset="0x13CE0" AddedByScript="true"/>
        <Texture Name="spot11_sceneTex_0144E0" OutName="spot11_sceneTex_0144E0" Format="rgba16" Width="32" Height="64" Offset="0x144E0" AddedByScript="true"/>
        <Texture Name="spot11_sceneTex_0154E0" OutName="spot11_sceneTex_0154E0" Format="rgba16" Width="32" Height="32" Offset="0x154E0" AddedByScript="true"/>
        <Texture Name="spot11_sceneTex_015CE0" OutName="spot11_sceneTex_015CE0" Format="rgba16" Width="32" Height="32" Offset="0x15CE0" AddedByScript="true"/>
        <Texture Name="spot11_sceneTex_0164E0" OutName="spot11_sceneTex_0164E0" Format="ia4" Width="32" Height="128" Offset="0x164E0" AddedByScript="true"/>
        <Texture Name="spot11_sceneTex_016CE0" OutName="spot11_sceneTex_016CE0" Format="rgba16" Width="32" Height="32" Offset="0x16CE0" AddedByScript="true"/>
        <Texture Name="spot11_sceneTex_0174E0" OutName="spot11_sceneTex_0174E0" Format="rgba16" Width="16" Height="64" Offset="0x174E0" AddedByScript="true"/>
        <Texture Name="spot11_sceneTex_017CE0" OutName="spot11_sceneTex_017CE0" Format="ia4" Width="64" Height="64" Offset="0x17CE0" AddedByScript="true"/>
        <Texture Name="spot11_sceneTex_0184E0" OutName="spot11_sceneTex_0184E0" Format="rgba16" Width="32" Height="32" Offset="0x184E0" AddedByScript="true"/>
        <Texture Name="spot11_sceneTex_018CE0" OutName="spot11_sceneTex_018CE0" Format="rgba16" Width="32" Height="32" Offset="0x18CE0" AddedByScript="true"/>
        <Cutscene Name="gDesertColossusIntroCs" Offset="0x7990"/>
        <Scene Name="spot11_scene" Offset="0x0"/>
    </File>
    <File Name="spot11_room_0" Segment="3">
        <Room Name="spot11_room_0" Offset="0x0"/>
    </File>
</Root>
